date,symbol,open,high,low,close,volume,return
2023-01-03 21:30:00,NASDAQ:NDX,11038.4245,11093.1036,10770.9285,10862.6369,1067710023.0,0.0
2023-01-04 21:30:00,NASDAQ:NDX,10949.3431,10981.4576,10785.5338,10914.8009,1098995459.0,0.004802148914689441
2023-01-05 21:30:00,NASDAQ:NDX,10837.2461,10842.3331,10728.2586,10741.2175,1000992165.0,-0.015903487529488447
2023-01-06 21:30:00,NASDAQ:NDX,10807.455,11082.594,10696.4227,11040.3542,1142635769.0,0.027849422097634635
2023-01-09 21:30:00,NASDAQ:NDX,11133.0665,11304.8433,11085.3249,11108.445,1040989030.0,0.006167447055276609
2023-01-10 21:30:00,NASDAQ:NDX,11069.0476,11207.5568,11050.6805,11205.7797,902328001.0,0.008762225496007803
2023-01-11 21:30:00,NASDAQ:NDX,11259.1554,11403.8896,11220.7482,11402.5247,997301832.0,0.017557457425296352
2023-01-12 21:30:00,NASDAQ:NDX,11441.4549,11500.8583,11246.022,11459.6129,1019764718.0,0.005006628049663453
2023-01-13 21:30:00,NASDAQ:NDX,11362.1295,11547.9586,11347.6019,11541.4818,886021917.0,0.007144124388355211
2023-01-17 21:30:00,NASDAQ:NDX,11531.5445,11615.9508,11484.0239,11557.1857,964424012.0,0.001360648508755613
2023-01-18 21:30:00,NASDAQ:NDX,11636.6082,11690.2683,11403.3148,11410.286,1008349659.0,-0.012710680940256958
2023-01-19 21:30:00,NASDAQ:NDX,11345.1851,11388.4646,11251.9378,11295.6697,964606102.0,-0.010044997995668048
2023-01-20 21:30:00,NASDAQ:NDX,11363.8544,11623.1976,11329.5369,11619.0268,1091516192.0,0.028626642650501744
2023-01-23 21:30:00,NASDAQ:NDX,11652.0034,11918.8587,11617.8268,11872.5439,1141554897.0,0.021819133767726706
2023-01-24 21:30:00,NASDAQ:NDX,11802.9496,11889.372,11780.0732,11846.6447,925792458.0,-0.002181436448510432
2023-01-25 21:30:00,NASDAQ:NDX,11636.0083,11841.8094,11550.0657,11814.6868,1064184924.0,-0.00269763302684356
2023-01-26 21:30:00,NASDAQ:NDX,11972.5665,12055.8063,11853.3733,12051.4796,1039957076.0,0.020042240984331494
2023-01-27 21:30:00,NASDAQ:NDX,12000.2092,12248.1491,11999.8727,12166.6009,1432226430.0,0.0095524619234304
2023-01-30 21:30:00,NASDAQ:NDX,12047.1627,12087.6764,11906.1096,11912.3856,1121158221.0,-0.020894521164082858
2023-01-31 21:30:00,NASDAQ:NDX,11915.9448,12104.127,11915.9448,12101.9293,1090587576.0,0.01591148124016395
2023-02-01 21:30:00,NASDAQ:NDX,12087.9208,12458.8746,12010.7346,12363.1038,1317438577.0,0.021581228374884187
2023-02-02 21:30:00,NASDAQ:NDX,12655.1839,12880.9834,12600.7562,12803.1401,1638886935.0,0.03559270447927476
2023-02-03 21:30:00,NASDAQ:NDX,12520.9513,12828.7138,12520.9513,12573.3607,1378610535.0,-0.01794711283367123
2023-02-06 21:30:00,NASDAQ:NDX,12468.8047,12558.8747,12411.8766,12464.5146,1007680118.0,-0.008656882006097155
2023-02-07 21:30:00,NASDAQ:NDX,12474.9501,12771.5853,12419.7139,12728.2726,1195447398.0,0.021160711705532353
2023-02-08 21:30:00,NASDAQ:NDX,12680.0286,12709.4523,12471.115,12495.3771,1150796646.0,-0.018297494665536984
2023-02-09 21:30:00,NASDAQ:NDX,12677.543,12679.5426,12327.4372,12381.17,1214752547.0,-0.00913994824533948
2023-02-10 21:30:00,NASDAQ:NDX,12306.5928,12375.7172,12204.2145,12304.917,1018602788.0,-0.006158787901304974
2023-02-13 21:30:00,NASDAQ:NDX,12356.4978,12522.7803,12313.4453,12502.3132,949278125.0,0.016042058633959133
2023-02-14 21:30:00,NASDAQ:NDX,12413.0957,12627.3963,12356.3223,12590.8863,1036588102.0,0.0070845369639276345
2023-02-15 21:30:00,NASDAQ:NDX,12531.5996,12689.3384,12486.4168,12687.8936,958014687.0,0.007704564848623807
2023-02-16 21:30:00,NASDAQ:NDX,12495.0735,12653.3994,12439.9981,12442.4806,1082749522.0,-0.01934229650223407
2023-02-17 21:30:00,NASDAQ:NDX,12352.3023,12385.5188,12233.7935,12358.1849,983764853.0,-0.006774830735922555
2023-02-21 21:30:00,NASDAQ:NDX,12205.2121,12257.0617,12058.2305,12060.2984,1023900158.0,-0.02410438931044001
2023-02-22 21:30:00,NASDAQ:NDX,12085.6743,12156.2139,12006.0375,12066.2718,1025893980.0,0.0004952945442875389
2023-02-23 21:30:00,NASDAQ:NDX,12224.4442,12227.4027,12003.3055,12180.14,1097619894.0,0.009436899971041468
2023-02-24 21:30:00,NASDAQ:NDX,11979.7994,12018.3206,11900.8385,11969.652,942692039.0,-0.017281246356774194
2023-02-27 21:30:00,NASDAQ:NDX,12106.7916,12159.6381,12034.6126,12057.7884,843429233.0,0.007363321840935688
2023-02-28 21:30:00,NASDAQ:NDX,12041.7464,12146.5232,12021.321,12042.1165,990829650.0,-0.001299732544651322
2023-03-01 21:30:00,NASDAQ:NDX,12026.7197,12054.4767,11906.5788,11938.5666,891414612.0,-0.008598978427089676
2023-03-02 21:30:00,NASDAQ:NDX,11830.0937,12074.5874,11830.0937,12044.8691,913794671.0,0.008904125893974602
2023-03-03 21:30:00,NASDAQ:NDX,12110.7053,12300.4569,12095.2416,12290.8072,981733620.0,0.02041849504200921
2023-03-06 21:30:00,NASDAQ:NDX,12344.6489,12466.8766,12297.565,12302.4844,900007429.0,0.0009500759234104539
2023-03-07 21:30:00,NASDAQ:NDX,12303.1903,12344.0449,12130.0064,12152.1701,913543493.0,-0.012218206917620655
2023-03-08 21:30:00,NASDAQ:NDX,12181.0578,12237.7201,12102.2767,12215.3326,866909375.0,0.005197631326770313
2023-03-09 21:30:00,NASDAQ:NDX,12230.8366,12340.4494,11970.3422,11995.8824,993153074.0,-0.017965143249558335
2023-03-10 21:30:00,NASDAQ:NDX,12001.6955,12069.6226,11789.8592,11830.2818,1091535310.0,-0.013804786882538944
2023-03-13 20:30:00,NASDAQ:NDX,11752.0965,12073.955,11695.4131,11923.1672,1133110947.0,0.007851495135136943
2023-03-14 20:30:00,NASDAQ:NDX,12078.4621,12217.8714,12035.2171,12199.7865,1034905888.0,0.02320015272452114
2023-03-15 20:30:00,NASDAQ:NDX,12083.2391,12269.4463,12026.1807,12251.3212,1137049633.0,0.004224229661724088
2023-03-16 20:30:00,NASDAQ:NDX,12211.8658,12595.6944,12190.6528,12581.3902,1224376995.0,0.02694150243975324
2023-03-17 20:30:00,NASDAQ:NDX,12570.1579,12674.3435,12444.0782,12519.8754,1622849311.0,-0.004889348396491133
2023-03-20 20:30:00,NASDAQ:NDX,12487.794,12578.347,12407.8165,12562.6074,990548667.0,0.003413133009295022
2023-03-21 20:30:00,NASDAQ:NDX,12643.35,12762.452,12582.7602,12741.4372,1044466138.0,0.014235086260834695
2023-03-22 20:30:00,NASDAQ:NDX,12742.4059,12943.6175,12563.7783,12567.1512,1048544681.0,-0.013678676688058444
2023-03-23 20:30:00,NASDAQ:NDX,12735.5956,12900.1025,12611.6722,12729.2328,1017982408.0,0.012897242773684425
2023-03-24 20:30:00,NASDAQ:NDX,12700.5075,12770.2787,12608.1544,12767.0475,919693199.0,0.002970697495610297
2023-03-27 20:30:00,NASDAQ:NDX,12797.895,12839.4237,12647.9432,12673.0694,820002810.0,-0.007360989296859799
2023-03-28 20:30:00,NASDAQ:NDX,12654.9094,12654.9094,12517.8725,12610.569,774724881.0,-0.004931749209863945
2023-03-29 20:30:00,NASDAQ:NDX,12768.1437,12867.3187,12734.6814,12846.0314,931140889.0,0.01867182995469907
2023-03-30 20:30:00,NASDAQ:NDX,12934.9927,12987.9726,12894.1373,12963.1422,868235797.0,0.009116496476880842
2023-03-31 20:30:00,NASDAQ:NDX,12968.9578,13188.8333,12968.0028,13181.3505,1008991639.0,0.01683297896709024
2023-04-03 20:30:00,NASDAQ:NDX,13084.0964,13157.4742,13036.5477,13148.3503,876178418.0,-0.00250355227258392
2023-04-04 20:30:00,NASDAQ:NDX,13165.3242,13204.0784,13049.9771,13100.075,797691737.0,-0.0036715860848337556
2023-04-05 20:30:00,NASDAQ:NDX,13056.7907,13065.2753,12894.4425,12967.1993,864612336.0,-0.010143125134779774
2023-04-06 20:30:00,NASDAQ:NDX,12892.8985,13078.1015,12846.0283,13062.5964,829153557.0,0.007356800631575178
2023-04-10 20:30:00,NASDAQ:NDX,12936.5216,13051.8543,12861.5198,13051.2338,767903115.0,-0.0008698576953659609
2023-04-11 20:30:00,NASDAQ:NDX,13040.4871,13049.5594,12947.6561,12964.1548,768931872.0,-0.006672089500074696
2023-04-12 20:30:00,NASDAQ:NDX,13043.974,13071.9794,12833.3086,12848.3476,865264705.0,-0.008932876981691207
2023-04-13 20:30:00,NASDAQ:NDX,12922.8956,13124.4138,12920.0242,13109.3887,822809948.0,0.020317095094780857
2023-04-14 20:30:00,NASDAQ:NDX,13044.694,13152.2846,12962.5056,13079.516,724031164.0,-0.0022787256281446844
2023-04-17 20:30:00,NASDAQ:NDX,13053.2579,13105.684,12981.2626,13087.7137,744269854.0,0.0006267586659935986
2023-04-18 20:30:00,NASDAQ:NDX,13180.3086,13196.1808,13044.2076,13091.793,732843910.0,0.0003116892754155831
2023-04-19 20:30:00,NASDAQ:NDX,12992.5118,13128.2488,12988.1969,13088.7148,736082105.0,-0.00023512440198225626
2023-04-20 20:30:00,NASDAQ:NDX,12962.2876,13107.9229,12933.7965,12985.9804,944334272.0,-0.007849082325485424
2023-04-21 20:30:00,NASDAQ:NDX,12970.3212,13030.8468,12899.6389,13000.7679,822435851.0,0.0011387280393555521
2023-04-24 20:30:00,NASDAQ:NDX,12981.7108,13044.2248,12883.774,12969.7576,778554151.0,-0.0023852667964328056
2023-04-25 20:30:00,NASDAQ:NDX,12905.0859,12933.2826,12724.2429,12725.1085,938797829.0,-0.01886304336173561
2023-04-26 20:30:00,NASDAQ:NDX,12866.6413,12929.6185,12783.4177,12806.4848,1092666112.0,0.006394939579493553
2023-04-27 20:30:00,NASDAQ:NDX,12963.2069,13175.6177,12938.4978,13160.0263,1204894403.0,0.027606443573024775
2023-04-28 20:30:00,NASDAQ:NDX,13139.3488,13247.3874,13096.9353,13245.9865,1066459578.0,0.006531917037278401
2023-05-01 20:30:00,NASDAQ:NDX,13229.1148,13287.4703,13186.3961,13231.4675,842078491.0,-0.0010961056014967552
2023-05-02 20:30:00,NASDAQ:NDX,13225.4841,13241.5304,13046.786,13113.6596,920799883.0,-0.008903615566451695
2023-05-03 20:30:00,NASDAQ:NDX,13123.1023,13231.7059,13026.0423,13030.2084,967637318.0,-0.006363685084520676
2023-05-04 20:30:00,NASDAQ:NDX,13014.0747,13064.017,12938.4542,12982.4807,930701343.0,-0.0036628500891819904
2023-05-05 20:30:00,NASDAQ:NDX,13070.6951,13291.1082,13059.9112,13259.1323,962564789.0,0.021309609957671505
2023-05-08 20:30:00,NASDAQ:NDX,13247.0937,13302.433,13193.0805,13291.6424,846369165.0,0.0024519025275886452
2023-05-09 20:30:00,NASDAQ:NDX,13228.6429,13254.807,13193.8823,13201.114,865181133.0,-0.006810926541328088
2023-05-10 20:30:00,NASDAQ:NDX,13308.4146,13384.4182,13204.7868,13347.8275,1045248272.0,0.011113721160199042
2023-05-11 20:30:00,NASDAQ:NDX,13376.8546,13411.698,13306.0827,13389.7784,948091044.0,0.0031429009702139687
2023-05-12 20:30:00,NASDAQ:NDX,13407.02,13427.4154,13256.5592,13340.1755,836759898.0,-0.00370453479648325
2023-05-15 20:30:00,NASDAQ:NDX,13352.2632,13419.8099,13297.8474,13413.5092,757541252.0,0.0054972065397491665
2023-05-16 20:30:00,NASDAQ:NDX,13385.3689,13498.4355,13384.7746,13426.0143,858990859.0,0.0009322765440082925
2023-05-17 20:30:00,NASDAQ:NDX,13474.5188,13608.3257,13419.3468,13589.2632,929019640.0,0.012159148378085627
2023-05-18 20:30:00,NASDAQ:NDX,13608.9463,13844.7633,13606.8054,13834.616,1024247871.0,0.01805490087203565
2023-05-19 20:30:00,NASDAQ:NDX,13842.6919,13874.4219,13763.8965,13803.4889,932246437.0,-0.0022499431859908103
2023-05-22 20:30:00,NASDAQ:NDX,13805.3349,13893.7094,13792.9698,13849.7429,908249504.0,0.003350891961813929
2023-05-23 20:30:00,NASDAQ:NDX,13773.6823,13827.1044,13662.9099,13672.5384,946165448.0,-0.012794786248342516
2023-05-24 20:30:00,NASDAQ:NDX,13589.0181,13655.7337,13520.9203,13604.4825,942327420.0,-0.004977561445356771
2023-05-25 20:30:00,NASDAQ:NDX,13920.8873,13986.8687,13812.1842,13938.5308,1247165194.0,0.02455428201697485
2023-05-26 20:30:00,NASDAQ:NDX,13990.5524,14329.4893,13982.1616,14298.4087,1287783549.0,0.025818926339065795
2023-05-30 20:30:00,NASDAQ:NDX,14465.5886,14520.17,14301.0761,14354.9861,1149316270.0,0.003956901861393858
2023-05-31 20:30:00,NASDAQ:NDX,14293.5576,14375.3766,14216.1564,14254.0902,1605108953.0,-0.007028630978611616
2023-06-01 20:30:00,NASDAQ:NDX,14269.0929,14493.3093,14219.9356,14441.513,1205516361.0,0.013148703099970627
2023-06-02 20:30:00,NASDAQ:NDX,14517.0774,14595.8108,14442.1517,14546.6405,1041858053.0,0.007279535045946917
2023-06-05 20:30:00,NASDAQ:NDX,14550.1264,14662.9465,14516.8782,14556.4966,989475557.0,0.000677551631251383
2023-06-06 20:30:00,NASDAQ:NDX,14526.1004,14593.4978,14476.9921,14558.0943,942804788.0,0.00010975855275519031
2023-06-07 20:30:00,NASDAQ:NDX,14573.2722,14647.905,14283.8843,14303.2867,1196181188.0,-0.017502812850992422
2023-06-08 20:30:00,NASDAQ:NDX,14319.2357,14503.3085,14314.6947,14484.5434,970056789.0,0.012672381096856533
2023-06-09 20:30:00,NASDAQ:NDX,14574.2376,14672.8516,14487.4758,14528.3605,958994890.0,0.003025093631878084
2023-06-12 20:30:00,NASDAQ:NDX,14617.3512,14789.6034,14571.3585,14784.3008,978359530.0,0.017616598927318705
2023-06-13 20:30:00,NASDAQ:NDX,14911.2617,14931.8256,14770.1353,14900.8526,1062368150.0,0.00788348408062678
2023-06-14 20:30:00,NASDAQ:NDX,14894.0964,15017.1042,14784.6205,15005.6924,1088632653.0,0.00703582558759086
2023-06-15 20:30:00,NASDAQ:NDX,14949.6968,15246.6181,14930.1216,15185.4766,1118145752.0,0.01198106659843301
2023-06-16 20:30:00,NASDAQ:NDX,15272.6502,15284.6506,15073.4495,15083.9177,1675695465.0,-0.006687896776318536
2023-06-20 20:30:00,NASDAQ:NDX,15036.4839,15127.4196,14946.7244,15070.1495,997497602.0,-0.000912773476614781
2023-06-21 20:30:00,NASDAQ:NDX,15019.0098,15038.8988,14826.0221,14867.4506,1066841326.0,-0.013450357609259278
2023-06-22 20:30:00,NASDAQ:NDX,14797.8904,15044.2205,14794.9544,15042.3194,933832304.0,0.011761855122626175
2023-06-23 20:30:00,NASDAQ:NDX,14879.2301,14983.7327,14821.8093,14891.4824,1244392791.0,-0.010027509454426209
2023-06-26 20:30:00,NASDAQ:NDX,14866.6607,14982.8162,14687.0221,14689.0213,1016195663.0,-0.013595765321523734
2023-06-27 20:30:00,NASDAQ:NDX,14751.5688,14972.3146,14726.7479,14945.9071,1039454539.0,0.017488285621861
2023-06-28 20:30:00,NASDAQ:NDX,14876.2511,15051.0765,14865.807,14964.5748,962095294.0,0.0012490175320305497
2023-06-29 20:30:00,NASDAQ:NDX,14965.548,14986.8866,14876.9428,14939.9515,877961906.0,-0.0016454393345008977
2023-06-30 20:30:00,NASDAQ:NDX,15085.2418,15213.7516,15081.5661,15179.2084,1002912154.0,0.016014570060685962
2023-07-03 20:30:00,NASDAQ:NDX,15190.5414,15232.9613,15153.5971,15208.6933,572641936.0,0.0019424530728493483
2023-07-05 20:30:00,NASDAQ:NDX,15165.3586,15275.1815,15162.6581,15203.7777,833633004.0,-0.0003232098841785547
2023-07-06 20:30:00,NASDAQ:NDX,15054.1033,15106.4536,14969.1442,15089.4487,849041565.0,-0.007519775825188479
2023-07-07 20:30:00,NASDAQ:NDX,15070.501,15210.6273,15032.5621,15036.852,828660043.0,-0.0034856608114516296
2023-07-10 20:30:00,NASDAQ:NDX,15031.9467,15066.4354,14924.6358,15045.6387,972591210.0,0.0005843443827204808
2023-07-11 20:30:00,NASDAQ:NDX,15068.1316,15135.2906,14974.16,15119.0618,892759385.0,0.004880025465452631
2023-07-12 20:30:00,NASDAQ:NDX,15279.3523,15364.0918,15209.7076,15307.2259,1045402639.0,0.012445487854279458
2023-07-13 20:30:00,NASDAQ:NDX,15432.4782,15602.7393,15420.7129,15571.9761,931767649.0,0.01729576617798534
2023-07-14 20:30:00,NASDAQ:NDX,15610.0023,15720.0552,15530.999,15565.5972,994427101.0,-0.00040963972453056385
2023-07-17 20:30:00,NASDAQ:NDX,15608.2838,15745.6667,15576.5122,15713.2771,887953154.0,0.009487583296836188
2023-07-18 20:30:00,NASDAQ:NDX,15608.2838,15895.6773,15607.7123,15841.3514,937990079.0,0.008150705876624587
2023-07-19 20:30:00,NASDAQ:NDX,15888.1559,15932.0503,15781.9592,15826.3523,1024806508.0,-0.0009468320991856682
2023-07-20 20:30:00,NASDAQ:NDX,15717.6731,15771.8434,15429.8678,15466.0883,1182998040.0,-0.02276355240746164
2023-07-21 20:30:00,NASDAQ:NDX,15554.9548,15600.5376,15410.5656,15425.674,2006642651.0,-0.002613091249453081
2023-07-24 20:30:00,NASDAQ:NDX,15475.1531,15504.6676,15374.6555,15448.0205,864438626.0,0.0014486563115492235
2023-07-25 20:30:00,NASDAQ:NDX,15483.0634,15622.6866,15482.0395,15561.4154,851531229.0,0.007340416204134392
2023-07-26 20:30:00,NASDAQ:NDX,15514.0417,15571.1566,15411.905,15499.2647,961404853.0,-0.003993897624505305
2023-07-27 20:30:00,NASDAQ:NDX,15734.027,15795.5123,15416.0473,15464.9292,1070152128.0,-0.002215298639296037
2023-07-28 20:30:00,NASDAQ:NDX,15630.1736,15788.476,15617.7477,15750.9277,1022996827.0,0.018493359801479148
2023-07-31 20:30:00,NASDAQ:NDX,15774.297,15803.5518,15702.7368,15756.9994,846473648.0,0.0003854820563997663
2023-08-01 20:30:00,NASDAQ:NDX,15696.9827,15748.4269,15636.5654,15718.0092,777940450.0,-0.0024744685844184655
2023-08-02 20:30:00,NASDAQ:NDX,15561.1476,15561.3565,15321.4372,15370.7389,1061467404.0,-0.02209378398887818
2023-08-03 20:30:00,NASDAQ:NDX,15287.773,15436.5905,15270.7224,15353.5412,934380828.0,-0.0011188596795435046
2023-08-04 20:30:00,NASDAQ:NDX,15420.7392,15523.3144,15258.6856,15274.915,1096925876.0,-0.0051210466025908286
2023-08-07 20:30:00,NASDAQ:NDX,15355.6225,15410.8539,15258.9204,15407.8544,895377922.0,0.008703118806225651
2023-08-08 20:30:00,NASDAQ:NDX,15279.4142,15295.7995,15148.2457,15273.0484,912000728.0,-0.008749174057615772
2023-08-09 20:30:00,NASDAQ:NDX,15286.9875,15288.7604,15077.9113,15101.7074,839834813.0,-0.01121852006964108
2023-08-10 20:30:00,NASDAQ:NDX,15217.2942,15366.2868,15072.4918,15128.8374,816824161.0,0.0017964856079784042
2023-08-11 20:30:00,NASDAQ:NDX,15010.5241,15102.5306,14973.6653,15028.0715,737173998.0,-0.0066605184083742275
2023-08-14 20:30:00,NASDAQ:NDX,14988.417,15206.2629,14972.0105,15205.5855,794469964.0,0.011812160994842058
2023-08-15 20:30:00,NASDAQ:NDX,15172.079,15192.8842,15014.3648,15037.6475,739369499.0,-0.01104449414328701
2023-08-16 20:30:00,NASDAQ:NDX,15021.6297,15077.0482,14874.0235,14876.4695,785555911.0,-0.010718298856253972
2023-08-17 20:30:00,NASDAQ:NDX,14943.3361,14949.5845,14698.2877,14715.8104,890324785.0,-0.010799544878574818
2023-08-18 20:30:00,NASDAQ:NDX,14589.7138,14744.568,14557.8292,14694.8371,908436780.0,-0.0014252222222161937
2023-08-21 20:30:00,NASDAQ:NDX,14762.0064,14958.8651,14739.367,14936.6859,855617674.0,0.016458079688409732
2023-08-22 20:30:00,NASDAQ:NDX,15035.0732,15037.7938,14883.9823,14908.9623,768333305.0,-0.001856074378587591
2023-08-23 20:30:00,NASDAQ:NDX,14947.5754,15188.8635,14947.5754,15148.0556,843641722.0,0.016036884069389634
2023-08-24 20:30:00,NASDAQ:NDX,15278.9309,15279.2434,14814.8337,14816.4419,986921664.0,-0.021891502695567056
2023-08-25 20:30:00,NASDAQ:NDX,14858.9311,15001.2915,14715.3611,14941.827,866265034.0,0.008462564821315022
2023-08-28 20:30:00,NASDAQ:NDX,15035.4786,15086.2316,14948.9238,15052.4603,706826587.0,0.007404268567692718
2023-08-29 20:30:00,NASDAQ:NDX,15043.0243,15391.561,15034.5439,15376.5476,865480258.0,0.021530520163537625
2023-08-30 20:30:00,NASDAQ:NDX,15386.666,15484.8262,15341.9432,15462.4308,797905624.0,0.005585336984226474
2023-08-31 20:30:00,NASDAQ:NDX,15475.4304,15575.0143,15466.4105,15501.0744,965222583.0,0.0024991930764211023
2023-09-01 20:30:00,NASDAQ:NDX,15600.9533,15618.8537,15429.3596,15490.8636,848209527.0,-0.0006587156307048536
2023-09-05 20:30:00,NASDAQ:NDX,15460.5225,15556.8466,15419.9603,15508.2357,848753033.0,0.0011214416735292332
2023-09-06 20:30:00,NASDAQ:NDX,15467.3223,15486.9984,15289.4797,15371.443,840708306.0,-0.00882064876019395
2023-09-07 20:30:00,NASDAQ:NDX,15174.2213,15288.1963,15138.7255,15258.5222,962169846.0,-0.007346141803342698
2023-09-08 20:30:00,NASDAQ:NDX,15265.574,15374.2197,15244.0618,15280.2302,840871791.0,0.0014226803694004087
2023-09-11 20:30:00,NASDAQ:NDX,15409.7741,15482.8412,15328.3471,15461.8651,928405002.0,0.01188692170357486
2023-09-12 20:30:00,NASDAQ:NDX,15390.5881,15447.8487,15278.8802,15289.7364,839546065.0,-0.011132466806996089
2023-09-13 20:30:00,NASDAQ:NDX,15293.2676,15414.6091,15256.5995,15348.5251,799794499.0,0.0038449779945193274
2023-09-14 20:30:00,NASDAQ:NDX,15433.0128,15512.8171,15337.1821,15473.8931,822500671.0,0.008168081244496861
2023-09-15 20:30:00,NASDAQ:NDX,15425.9479,15435.4498,15173.7092,15202.3982,1576273066.0,-0.017545351919227126
2023-09-18 20:30:00,NASDAQ:NDX,15161.1684,15268.9621,15155.4606,15225.3718,767680318.0,0.0015111826238047854
2023-09-19 20:30:00,NASDAQ:NDX,15152.5316,15219.9225,15069.4147,15191.2344,771452747.0,-0.002242139006418342
2023-09-20 20:30:00,NASDAQ:NDX,15225.3441,15245.1925,14967.6029,14969.9226,797912439.0,-0.014568388201553928
2023-09-21 20:30:00,NASDAQ:NDX,14813.4847,14849.2484,14691.6894,14694.2433,976148096.0,-0.0184155461164508
2023-09-22 20:30:00,NASDAQ:NDX,14756.6239,14855.9195,14686.8437,14701.0966,838733504.0,0.00046639352977106974
2023-09-25 20:30:00,NASDAQ:NDX,14662.6911,14771.1178,14615.4486,14768.8951,695802750.0,0.004611798823225044
2023-09-26 20:30:00,NASDAQ:NDX,14668.4544,14678.4818,14505.6756,14545.826,887730682.0,-0.015103980256451321
2023-09-27 20:30:00,NASDAQ:NDX,14600.1387,14657.2114,14432.597,14580.1593,934688019.0,0.0023603540974572734
2023-09-28 20:30:00,NASDAQ:NDX,14530.9595,14787.5836,14510.17,14702.7656,900302204.0,0.008409119370869966
2023-09-29 20:30:00,NASDAQ:NDX,14853.3465,14901.8526,14664.777,14715.2441,883744964.0,0.0008487178765876902
2023-10-02 20:30:00,NASDAQ:NDX,14717.8961,14892.1758,14701.5237,14837.5694,781573520.0,0.008312828463375554
2023-10-03 20:30:00,NASDAQ:NDX,14744.0499,14819.8659,14504.1438,14565.6163,826622811.0,-0.018328682594064283
2023-10-04 20:30:00,NASDAQ:NDX,14613.2262,14803.0427,14592.555,14776.2525,817086553.0,0.014461193791024174
2023-10-05 20:30:00,NASDAQ:NDX,14769.5533,14784.686,14584.386,14723.2224,805504559.0,-0.0035888734305264958
2023-10-06 20:30:00,NASDAQ:NDX,14622.2275,15021.3833,14575.9477,14973.2414,928456193.0,0.01698126899176633
2023-10-09 20:30:00,NASDAQ:NDX,14871.5726,15070.6419,14816.3203,15047.1545,696266925.0,0.004936345980503631
2023-10-10 20:30:00,NASDAQ:NDX,15074.0439,15241.9427,15050.5387,15131.52,817608306.0,0.005606741128364234
2023-10-11 20:30:00,NASDAQ:NDX,15194.5304,15248.2167,15119.6151,15241.1159,771790046.0,0.00724288769403203
2023-10-12 20:30:00,NASDAQ:NDX,15264.1087,15333.9785,15090.6935,15184.1001,912834721.0,-0.003740920308860085
2023-10-13 20:30:00,NASDAQ:NDX,15225.7281,15232.367,14943.4179,14995.1154,830867282.0,-0.012446223270090262
2023-10-16 20:30:00,NASDAQ:NDX,15054.4773,15209.4966,15047.2692,15172.7321,784787159.0,0.01184497052953648
2023-10-17 20:30:00,NASDAQ:NDX,15009.2592,15187.0596,14932.7695,15122.0119,880370446.0,-0.0033428521419684998
2023-10-18 20:30:00,NASDAQ:NDX,15022.2843,15103.8721,14865.8087,14909.2594,859498613.0,-0.014069060479974804
2023-10-19 20:30:00,NASDAQ:NDX,14981.1253,15023.9087,14749.3013,14783.1269,984416485.0,-0.00846001109887462
2023-10-20 20:30:00,NASDAQ:NDX,14752.5853,14781.222,14552.1223,14560.8768,971049704.0,-0.015034038570013175
2023-10-23 20:30:00,NASDAQ:NDX,14514.112,14746.3663,14419.0591,14604.8502,882165079.0,0.003019969237017417
2023-10-24 20:30:00,NASDAQ:NDX,14678.4092,14774.1616,14610.3282,14745.855,872650997.0,0.009654655684178115
2023-10-25 20:30:00,NASDAQ:NDX,14642.0758,14643.6941,14362.2405,14381.6409,1081214835.0,-0.024699422312236208
2023-10-26 20:30:00,NASDAQ:NDX,14314.0137,14372.5089,14058.3326,14109.573,1139420718.0,-0.018917723081237514
2023-10-27 20:30:00,NASDAQ:NDX,14245.7489,14321.0389,14130.3689,14180.4208,1037037327.0,0.005021257553293745
2023-10-30 20:30:00,NASDAQ:NDX,14283.9808,14388.2021,14225.8585,14335.5072,917070093.0,0.01093665711246028
2023-10-31 20:30:00,NASDAQ:NDX,14340.8585,14420.4432,14232.4023,14409.7831,905051263.0,0.0051812537194360075
2023-11-01 20:30:00,NASDAQ:NDX,14453.6758,14677.8612,14441.8946,14664.9052,1072375867.0,0.017704784189291445
2023-11-02 20:30:00,NASDAQ:NDX,14856.948,14930.7645,14792.8086,14919.5453,1073707695.0,0.017363910405639782
2023-11-03 20:30:00,NASDAQ:NDX,14985.1222,15149.7809,14965.2871,15099.4915,989179783.0,0.012061104838094527
2023-11-06 21:30:00,NASDAQ:NDX,15137.1648,15180.1931,15064.9063,15154.9263,812868985.0,0.0036713024408800976
2023-11-07 21:30:00,NASDAQ:NDX,15201.7707,15335.4425,15153.3095,15296.0186,875946553.0,0.009309995786650482
2023-11-08 21:30:00,NASDAQ:NDX,15313.9013,15343.1861,15220.8845,15313.2411,901803481.0,0.0011259465910953281
2023-11-09 21:30:00,NASDAQ:NDX,15351.1222,15382.1065,15171.3159,15187.8975,948694707.0,-0.008185308334236363
2023-11-10 21:30:00,NASDAQ:NDX,15252.3633,15535.2023,15237.1739,15529.1195,975927715.0,0.022466704163627726
2023-11-13 21:30:00,NASDAQ:NDX,15469.2091,15524.6618,15404.7073,15482.7867,772456038.0,-0.0029836076668738887
2023-11-14 21:30:00,NASDAQ:NDX,15744.3611,15850.3367,15726.1242,15812.473,1005118722.0,0.02129373131517731
2023-11-15 21:30:00,NASDAQ:NDX,15881.7208,15904.6272,15765.3055,15817.1761,994582563.0,0.00029742975687607753
2023-11-16 21:30:00,NASDAQ:NDX,15765.1984,15842.6336,15738.2237,15833.1727,1027479896.0,0.0010113436114553842
2023-11-17 21:30:00,NASDAQ:NDX,15803.9827,15876.8663,15766.9445,15837.9932,915203338.0,0.00030445572036241764
2023-11-20 21:30:00,NASDAQ:NDX,15845.1967,16056.7559,15844.8283,16027.0635,880362469.0,0.011937768731962839
2023-11-21 21:30:00,NASDAQ:NDX,15951.5518,15968.0864,15866.8154,15933.6197,832449994.0,-0.00583037560186872
2023-11-22 21:30:00,NASDAQ:NDX,16025.743,16119.3139,15964.0383,16001.3859,777224982.0,0.004253032347696806
2023-11-24 21:30:00,NASDAQ:NDX,15974.8504,16007.4257,15940.6226,15982.0133,379878717.0,-0.0012106826321837127
2023-11-27 21:30:00,NASDAQ:NDX,15969.7201,16045.3003,15932.1928,15961.9808,778646036.0,-0.0012534403284473195
2023-11-28 21:30:00,NASDAQ:NDX,15940.2938,16031.5152,15921.0676,16010.4291,872734789.0,0.0030352310660590742
2023-11-29 21:30:00,NASDAQ:NDX,16111.3627,16166.5118,15976.6889,15987.6007,872054192.0,-0.0014258456070985748
2023-11-30 21:30:00,NASDAQ:NDX,15987.6633,16013.481,15825.668,15947.8695,1140169442.0,-0.0024851258638202145
2023-12-01 21:30:00,NASDAQ:NDX,15892.5863,16013.7502,15834.9268,15997.5789,888097641.0,0.0031169931507151194
2023-12-04 21:30:00,NASDAQ:NDX,15837.1228,15852.4477,15695.5836,15839.6692,879285423.0,-0.009870849894667466
2023-12-05 21:30:00,NASDAQ:NDX,15763.6548,15931.8419,15760.588,15877.7089,845570170.0,0.002401546365627283
2023-12-06 21:30:00,NASDAQ:NDX,15990.1956,15990.9369,15776.9515,15788.0482,832158297.0,-0.005646954517474545
2023-12-07 21:30:00,NASDAQ:NDX,15888.2333,16042.5078,15875.477,16022.4872,964800084.0,0.014849143923946206
2023-12-08 21:30:00,NASDAQ:NDX,15952.8533,16100.8564,15937.5775,16084.6887,887783918.0,0.0038821375997104557
2023-12-11 21:30:00,NASDAQ:NDX,16069.6151,16232.2553,16061.8741,16221.7348,1026762571.0,0.008520283019216812
2023-12-12 21:30:00,NASDAQ:NDX,16209.6113,16354.2475,16175.4613,16354.2475,930401282.0,0.00816883654145295
2023-12-13 21:30:00,NASDAQ:NDX,16392.1785,16581.0403,16357.2104,16562.3699,1031906999.0,0.012725892768835845
2023-12-14 21:30:00,NASDAQ:NDX,16603.5398,16660.7093,16419.2612,16537.8255,1351676840.0,-0.001481937678496248
2023-12-15 21:30:00,NASDAQ:NDX,16586.9973,16669.774,16557.0101,16623.447,2015235742.0,0.005177313063316591
2023-12-18 21:30:00,NASDAQ:NDX,16631.1124,16764.3155,16629.2893,16729.8026,848954389.0,0.006397926976276169
2023-12-19 21:30:00,NASDAQ:NDX,16734.2539,16813.0115,16733.3769,16811.8549,788733640.0,0.004904558766282152
2023-12-20 21:30:00,NASDAQ:NDX,16763.6405,16860.6764,16552.0639,16554.1581,902626916.0,-0.015328278856368116
2023-12-21 21:30:00,NASDAQ:NDX,16719.611,16768.0243,16621.5168,16757.4081,772626981.0,0.012277882014428698
2023-12-22 21:30:00,NASDAQ:NDX,16799.0186,16839.2528,16703.5707,16777.4034,618538584.0,0.001193221522127752
2023-12-26 21:30:00,NASDAQ:NDX,16816.7837,16907.5119,16813.5655,16878.4617,548795472.0,0.006023476791408688
2023-12-27 21:30:00,NASDAQ:NDX,16896.1429,16922.0145,16859.5526,16906.8011,623539156.0,0.0016790274198981159
2023-12-28 21:30:00,NASDAQ:NDX,16963.5171,16969.1706,16891.3238,16898.4732,562455311.0,-0.0004925769192375418
2023-12-29 21:30:00,NASDAQ:NDX,16902.4447,16919.5103,16757.8852,16825.9307,647061759.0,-0.0042928434504958535
2024-01-02 21:30:00,NASDAQ:NDX,16667.2989,16686.6035,16453.1503,16543.9376,892167517.0,-0.01675943548251979
2024-01-03 21:30:00,NASDAQ:NDX,16413.2554,16471.0768,16352.142,16368.4906,831911851.0,-0.010604911856050614
2024-01-04 21:30:00,NASDAQ:NDX,16290.775,16419.4382,16276.431,16282.0124,869472420.0,-0.005283211635897511
2024-01-05 21:30:00,NASDAQ:NDX,16281.7444,16415.3925,16249.189,16305.9791,773432350.0,0.0014719740663016179
2024-01-08 21:30:00,NASDAQ:NDX,16354.2207,16655.231,16349.3903,16649.8743,849485908.0,0.021090128835011157
2024-01-09 21:30:00,NASDAQ:NDX,16531.96,16710.8845,16513.7345,16678.7044,806204297.0,0.0017315506099646605
2024-01-10 21:30:00,NASDAQ:NDX,16702.5531,16827.3672,16654.7407,16793.0451,752845465.0,0.006855490525990771
2024-01-11 21:30:00,NASDAQ:NDX,16852.1889,16898.1558,16618.8583,16820.9007,799605494.0,0.001658758124814419
2024-01-12 21:30:00,NASDAQ:NDX,16855.0031,16900.3691,16776.9177,16832.918,704803794.0,0.0007144266656304854
2024-01-16 21:30:00,NASDAQ:NDX,16775.0977,16895.3264,16726.5903,16830.7093,898819206.0,-0.00013121313844710603
2024-01-17 21:30:00,NASDAQ:NDX,16705.5076,16749.1141,16561.4905,16736.2793,838694362.0,-0.005610577564903907
2024-01-18 21:30:00,NASDAQ:NDX,16894.3307,16996.9837,16818.1269,16982.2886,968353498.0,0.014699163152708694
2024-01-19 21:30:00,NASDAQ:NDX,17060.1445,17317.2121,17041.8516,17314.0048,1080959858.0,0.019533068116625918
2024-01-22 21:30:00,NASDAQ:NDX,17403.6183,17450.3013,17309.8662,17330.38,971204762.0,0.0009457777209349594
2024-01-23 21:30:00,NASDAQ:NDX,17346.951,17410.8633,17286.0184,17404.2056,802863632.0,0.00425989505134905
2024-01-24 21:30:00,NASDAQ:NDX,17562.316,17665.2593,17481.9715,17499.2985,1016898885.0,0.005463788591419494
2024-01-25 21:30:00,NASDAQ:NDX,17589.2698,17631.337,17430.3745,17516.9881,1124791653.0,0.0010108748073529572
2024-01-26 21:30:00,NASDAQ:NDX,17432.8736,17514.7556,17395.5354,17421.0092,947633251.0,-0.005479189655897443
2024-01-29 21:30:00,NASDAQ:NDX,17438.0301,17603.9532,17414.6227,17596.27,893471138.0,0.010060312694169182
2024-01-30 21:30:00,NASDAQ:NDX,17556.4906,17578.4569,17443.7734,17476.7093,939181584.0,-0.006794661595895146
2024-01-31 21:30:00,NASDAQ:NDX,17269.9754,17375.3223,17128.7388,17137.2358,1161207425.0,-0.01942433750957906
2024-02-01 21:30:00,NASDAQ:NDX,17216.994,17356.7616,17175.828,17344.7093,956954227.0,0.012106590725675881
2024-02-02 21:30:00,NASDAQ:NDX,17415.9404,17682.2918,17378.374,17642.7316,1150401023.0,0.017182317376746248
2024-02-05 21:30:00,NASDAQ:NDX,17634.6924,17655.7728,17469.6169,17613.0361,951240641.0,-0.0016831577259838193
2024-02-06 21:30:00,NASDAQ:NDX,17664.4386,17680.6174,17475.4337,17572.7339,878414327.0,-0.002288202883999224
2024-02-07 21:30:00,NASDAQ:NDX,17674.5928,17784.169,17637.7295,17755.0715,900936713.0,0.010376165771223578
2024-02-08 21:30:00,NASDAQ:NDX,17757.598,17814.1217,17728.554,17783.166,851207280.0,0.001582336629847081
2024-02-09 21:30:00,NASDAQ:NDX,17820.9807,17987.8973,17798.8134,17962.4051,884986571.0,0.010079144512287641
2024-02-12 21:30:00,NASDAQ:NDX,17942.2839,18041.454,17859.6577,17882.661,857700854.0,-0.004439500142439212
2024-02-13 21:30:00,NASDAQ:NDX,17519.7959,17717.6687,17478.2325,17600.4236,946566566.0,-0.01578274061114293
2024-02-14 21:30:00,NASDAQ:NDX,17728.8994,17815.1818,17619.9221,17807.6307,832728179.0,0.011772847330788316
2024-02-15 21:30:00,NASDAQ:NDX,17815.3213,17864.585,17722.3057,17845.7234,906239598.0,0.002139122303339125
2024-02-16 21:30:00,NASDAQ:NDX,17853.5943,17864.158,17663.3994,17685.9804,907855917.0,-0.008951332283901658
2024-02-20 21:30:00,NASDAQ:NDX,17591.1677,17657.0798,17399.407,17546.096,931470023.0,-0.007909338178391234
2024-02-21 21:30:00,NASDAQ:NDX,17412.7882,17482.1309,17319.4383,17478.908,885047896.0,-0.0038292278806637547
2024-02-22 21:30:00,NASDAQ:NDX,17857.7555,18034.8044,17808.26,18004.7023,1042874664.0,0.03008164468855834
2024-02-23 21:30:00,NASDAQ:NDX,18052.5924,18091.6244,17902.7767,17937.6097,937155890.0,-0.0037263931878507295
2024-02-26 21:30:00,NASDAQ:NDX,17970.2093,18014.1091,17926.6607,17933.3323,857146754.0,-0.0002384598656978154
2024-02-27 21:30:00,NASDAQ:NDX,17962.5831,17987.5413,17871.0575,17971.0465,756094766.0,0.002103022426010792
2024-02-28 21:30:00,NASDAQ:NDX,17895.0262,17931.0131,17840.3558,17874.5035,712269787.0,-0.0053721412384082345
2024-02-29 21:30:00,NASDAQ:NDX,17991.6713,18068.5183,17866.2606,18043.85,1171414971.0,0.009474193227241301
2024-03-01 21:30:00,NASDAQ:NDX,18069.2858,18333.2566,18064.4389,18302.9098,964930084.0,0.014357235290694659
2024-03-04 21:30:00,NASDAQ:NDX,18290.0968,18313.4286,18218.2453,18226.4823,1066703442.0,-0.004175702160757022
2024-03-05 21:30:00,NASDAQ:NDX,18088.7061,18097.5007,17804.4954,17897.8674,999404374.0,-0.018029529483042372
2024-03-06 21:30:00,NASDAQ:NDX,18083.5087,18142.8781,17941.6447,18017.5747,966912099.0,0.006688355507651345
2024-03-07 21:30:00,NASDAQ:NDX,18161.7317,18337.9541,18101.4331,18297.9904,961931427.0,0.015563454275563382
2024-03-08 21:30:00,NASDAQ:NDX,18312.785,18416.7269,17995.3829,18018.4524,1053282668.0,-0.015276978175701728
2024-03-11 20:30:00,NASDAQ:NDX,17959.6797,18003.049,17873.3267,17951.692,845021370.0,-0.0037051128763977426
2024-03-12 20:30:00,NASDAQ:NDX,18063.0236,18228.3696,17919.3327,18219.1145,838032276.0,0.014896785216680364
2024-03-13 20:30:00,NASDAQ:NDX,18151.7553,18163.7424,18030.4031,18068.4673,892679551.0,-0.008268634570576916
2024-03-14 20:30:00,NASDAQ:NDX,18114.686,18142.903,17913.629,18014.8059,1011704309.0,-0.0029698921944530943
2024-03-15 20:30:00,NASDAQ:NDX,17926.9169,17930.4716,17764.9882,17808.2499,1525538312.0,-0.011465902055597499
2024-03-18 20:30:00,NASDAQ:NDX,18024.2382,18124.3243,17973.0876,17985.0069,937352271.0,0.009925568261483164
2024-03-19 20:30:00,NASDAQ:NDX,17902.5154,18039.8225,17809.1496,18032.2049,818981587.0,0.0026242970193133264
2024-03-20 20:30:00,NASDAQ:NDX,18067.6989,18249.1192,18003.2404,18240.1069,897971044.0,0.011529483008481112
2024-03-21 20:30:00,NASDAQ:NDX,18438.2398,18464.7036,18317.0951,18320.3755,970741329.0,0.0044006649982955
2024-03-22 20:30:00,NASDAQ:NDX,18293.1486,18386.2522,18267.4896,18339.4425,773667736.0,0.0010407537771266462
2024-03-25 20:30:00,NASDAQ:NDX,18215.5436,18337.3471,18189.2783,18277.0636,788666603.0,-0.0034013520312844436
2024-03-26 20:30:00,NASDAQ:NDX,18329.2859,18378.7002,18207.8792,18210.5367,836344313.0,-0.0036399118291627897
2024-03-27 20:30:00,NASDAQ:NDX,18338.1869,18344.0863,18168.2042,18280.842,791782783.0,0.0038606934632519074
2024-03-28 20:30:00,NASDAQ:NDX,18263.4106,18308.3165,18231.3832,18254.6888,815491424.0,-0.0014306343219858686
2024-04-01 20:30:00,NASDAQ:NDX,18280.8194,18391.5826,18211.2756,18293.1985,763675049.0,0.002109578553867175
2024-04-02 20:30:00,NASDAQ:NDX,18076.4326,18135.5746,18002.2669,18121.7838,805251243.0,-0.009370406164892264
2024-04-03 20:30:00,NASDAQ:NDX,18054.4446,18238.665,18045.4193,18160.1904,800790473.0,0.0021193608986769252
2024-04-04 20:30:00,NASDAQ:NDX,18331.0233,18362.2879,17875.7461,17878.7799,946993356.0,-0.015496010438304508
2024-04-05 20:30:00,NASDAQ:NDX,17940.2783,18202.9555,17912.8585,18108.4563,847975863.0,0.012846312851583441
2024-04-08 20:30:00,NASDAQ:NDX,18130.4412,18178.6564,18050.6896,18100.1923,727530566.0,-0.0004563613741057626
2024-04-09 20:30:00,NASDAQ:NDX,18188.8667,18210.0238,17973.0713,18169.9049,798769740.0,0.0038514839425216607
2024-04-10 20:30:00,NASDAQ:NDX,17957.9561,18040.8297,17932.4151,18011.6548,802372790.0,-0.008709462205275575
2024-04-11 20:30:00,NASDAQ:NDX,18085.1121,18337.1509,17998.2527,18307.9827,821399678.0,0.01645200861833085
2024-04-12 20:30:00,NASDAQ:NDX,18117.6714,18166.4936,17952.0852,18003.4867,871935728.0,-0.016631870642962676
2024-04-15 20:30:00,NASDAQ:NDX,18143.2546,18152.0809,17676.3463,17706.8324,863960183.0,-0.01647760264127074
2024-04-16 20:30:00,NASDAQ:NDX,17691.4486,17817.726,17660.8891,17713.6642,745339740.0,0.0003858284669819856
2024-04-17 20:30:00,NASDAQ:NDX,17785.8226,17788.5382,17459.5717,17493.6217,765727428.0,-0.012422189870800349
2024-04-18 20:30:00,NASDAQ:NDX,17514.7701,17590.8117,17376.494,17394.3142,761106435.0,-0.0056767833272626245
2024-04-19 20:30:00,NASDAQ:NDX,17334.7102,17362.2807,16973.942,17037.6457,1030720373.0,-0.020504890040447754
2024-04-22 20:30:00,NASDAQ:NDX,17161.109,17305.153,17010.2548,17210.8856,804722595.0,0.010168065650056457
2024-04-23 20:30:00,NASDAQ:NDX,17297.2387,17513.3072,17277.2548,17471.4714,805063798.0,0.015140754872021045
2024-04-24 20:30:00,NASDAQ:NDX,17613.6618,17653.6575,17435.3321,17526.8005,942901054.0,0.0031668254340617707
2024-04-25 20:30:00,NASDAQ:NDX,17205.2795,17474.461,17172.4228,17430.5036,1047028856.0,-0.005494265767445716
2024-04-26 20:30:00,NASDAQ:NDX,17566.2233,17772.7764,17533.0809,17718.2987,1017173744.0,0.01651100315885312
2024-04-29 20:30:00,NASDAQ:NDX,17801.1395,17820.0003,17671.0325,17782.7151,986356282.0,0.0036355860735095558
2024-04-30 20:30:00,NASDAQ:NDX,17720.3532,17768.8693,17440.6918,17440.6918,1112304168.0,-0.01923346902183687
2024-05-01 20:30:00,NASDAQ:NDX,17382.7768,17667.8615,17284.3658,17318.5486,1066107892.0,-0.007003346048463643
2024-05-02 20:30:00,NASDAQ:NDX,17474.9151,17575.8046,17290.6365,17541.5413,925060378.0,0.012875946197939525
2024-05-03 20:30:00,NASDAQ:NDX,17848.6607,17926.9779,17784.7812,17890.7953,937789627.0,0.019910109039278145
2024-05-06 20:30:00,NASDAQ:NDX,17950.984,18094.4605,17937.2819,18093.5659,785112275.0,0.011333794646904316
2024-05-07 20:30:00,NASDAQ:NDX,18106.332,18156.3189,18061.6052,18091.4462,805253107.0,-0.00011715214191154733
2024-05-08 20:30:00,NASDAQ:NDX,17987.7046,18135.344,17987.7046,18085.0116,705093582.0,-0.00035567084736409793
2024-05-09 20:30:00,NASDAQ:NDX,18095.7965,18138.0187,18012.6181,18113.4629,701734551.0,0.0015731977744486425
2024-05-10 20:30:00,NASDAQ:NDX,18171.1455,18247.6086,18099.7254,18161.1799,670763477.0,0.0026343389037994935
2024-05-13 20:30:00,NASDAQ:NDX,18228.4049,18233.4953,18147.5727,18198.6141,701817306.0,0.0020612207029566676
2024-05-14 20:30:00,NASDAQ:NDX,18187.5064,18339.5795,18175.2973,18322.7706,717526880.0,0.006822305221582781
2024-05-15 20:30:00,NASDAQ:NDX,18412.807,18607.5273,18359.3195,18596.6513,839769104.0,0.014947559295426682
2024-05-16 20:30:00,NASDAQ:NDX,18589.9775,18669.4977,18553.3028,18557.9644,788797282.0,-0.002080315395277643
2024-05-17 20:30:00,NASDAQ:NDX,18571.8211,18590.3682,18462.2534,18546.2298,710513212.0,-0.0006323215061238008
2024-05-20 20:30:00,NASDAQ:NDX,18559.2165,18703.8286,18549.8402,18674.1869,657529511.0,0.006899359135515537
2024-05-21 20:30:00,NASDAQ:NDX,18603.9866,18721.177,18589.9125,18713.7978,762420306.0,0.0021211579498543465
2024-05-22 20:30:00,NASDAQ:NDX,18733.5447,18756.6875,18606.1605,18705.2023,812057857.0,-0.0004593135018269301
2024-05-23 20:30:00,NASDAQ:NDX,18907.1371,18907.5434,18554.8899,18623.3873,915712133.0,-0.004373916875520911
2024-05-24 20:30:00,NASDAQ:NDX,18669.3589,18851.989,18664.7879,18808.3467,684968849.0,0.009931565993904767
2024-05-28 20:30:00,NASDAQ:NDX,18855.1502,18875.1971,18755.9445,18869.44,795145006.0,0.0032482015019428268
2024-05-29 20:30:00,NASDAQ:NDX,18708.0736,18814.8152,18706.6246,18736.7545,749512201.0,-0.007031766708497922
2024-05-30 20:30:00,NASDAQ:NDX,18683.2457,18705.2614,18487.7627,18538.6626,804066150.0,-0.010572369937386972
2024-05-31 20:30:00,NASDAQ:NDX,18550.803,18574.5645,18189.7804,18536.6508,1379219891.0,-0.00010851915499021647
2024-06-03 20:30:00,NASDAQ:NDX,18666.7227,18707.2186,18392.5722,18600.9743,790695254.0,0.003470071303280031
2024-06-04 20:30:00,NASDAQ:NDX,18597.9995,18697.9468,18521.8504,18654.8366,750750946.0,0.002895670900421532
2024-06-05 20:30:00,NASDAQ:NDX,18791.2795,19035.8681,18768.2544,19035.0484,850581621.0,0.020381406074604813
2024-06-06 20:30:00,NASDAQ:NDX,19053.0065,19071.7868,18978.8581,19021.1934,786358979.0,-0.0007278678629469848
2024-06-07 20:30:00,NASDAQ:NDX,18992.5773,19113.883,18958.6789,19000.9507,1030085930.0,-0.0010642181893801839
2024-06-10 20:30:00,NASDAQ:NDX,18945.3143,19089.8348,18940.7054,19074.6747,1063271991.0,0.0038800163825485345
2024-06-11 20:30:00,NASDAQ:NDX,19031.3979,19212.6335,18966.5611,19210.1848,980912512.0,0.007104189304995012
2024-06-12 20:30:00,NASDAQ:NDX,19358.2594,19556.8951,19347.2806,19465.1795,1250737186.0,0.01327393269012167
2024-06-13 20:30:00,NASDAQ:NDX,19609.0509,19639.4497,19473.7052,19576.9237,1104577098.0,0.00574072281224014
2024-06-14 20:30:00,NASDAQ:NDX,19557.2205,19664.5944,19534.6224,19659.8001,1008135470.0,0.004233371967425237
2024-06-17 20:30:00,NASDAQ:NDX,19681.8558,19977.8413,19623.7142,19902.7488,1127510011.0,0.01235763836683157
2024-06-18 20:30:00,NASDAQ:NDX,19904.4318,19940.4996,19837.8588,19908.8576,1105134194.0,0.0003069324775881732
2024-06-20 20:30:00,NASDAQ:NDX,19962.9672,19979.9273,19685.0305,19752.2978,1429979708.0,-0.007863826400566487
2024-06-21 20:30:00,NASDAQ:NDX,19722.3716,19801.9669,19643.5203,19700.4312,2611893627.0,-0.0026258514591654958
2024-06-24 20:30:00,NASDAQ:NDX,19648.2315,19723.2016,19472.5292,19474.6198,1235872453.0,-0.011462256724614206
2024-06-25 20:30:00,NASDAQ:NDX,19555.8391,19712.4155,19523.5067,19701.1286,1138045277.0,0.01163097417696446
2024-06-26 20:30:00,NASDAQ:NDX,19671.0681,19763.5457,19654.1831,19751.0478,1139376395.0,0.002533824382020544
2024-06-27 20:30:00,NASDAQ:NDX,19740.515,19850.8102,19701.3362,19789.027,1105896087.0,0.0019228954526655517
2024-06-28 20:30:00,NASDAQ:NDX,19817.0045,20017.7146,19665.8486,19682.8709,1481639577.0,-0.0053643920946692125
2024-07-01 20:30:00,NASDAQ:NDX,19720.1121,19827.7488,19577.5355,19812.2225,1042294831.0,0.006571785216555881
2024-07-02 20:30:00,NASDAQ:NDX,19746.2237,20014.9153,19741.8094,20011.893,1024821795.0,0.01007814746679725
2024-07-03 20:30:00,NASDAQ:NDX,19995.2791,20186.6335,19995.2791,20186.6335,762647328.0,0.008731832615735069
2024-07-05 20:30:00,NASDAQ:NDX,20224.1302,20406.995,20201.5008,20391.9661,988892090.0,0.010171710899690156
2024-07-08 20:30:00,NASDAQ:NDX,20393.8875,20455.3808,20363.3706,20439.5417,1033691290.0,0.0023330560558356694
2024-07-09 20:30:00,NASDAQ:NDX,20504.1735,20543.9029,20395.5724,20453.024,1071042554.0,0.0006596185079825734
2024-07-10 20:30:00,NASDAQ:NDX,20533.2709,20690.9664,20479.9426,20675.3786,1030976896.0,0.010871477978024124
2024-07-11 20:30:00,NASDAQ:NDX,20661.4133,20672.1018,20165.0041,20211.3595,1318098130.0,-0.022443076326544298
2024-07-12 20:30:00,NASDAQ:NDX,20226.2344,20526.0845,20217.9932,20331.4936,1059660640.0,0.00594389011783214
2024-07-15 20:30:00,NASDAQ:NDX,20401.0163,20585.1712,20304.5333,20386.8773,974000069.0,0.0027240349917037054
2024-07-16 20:30:00,NASDAQ:NDX,20441.5251,20477.0021,20266.5124,20398.6243,937832610.0,0.0005762039878465242
2024-07-17 20:30:00,NASDAQ:NDX,20041.3057,20080.2708,19793.7493,19799.1434,1450802743.0,-0.029388300464948447
2024-07-18 20:30:00,NASDAQ:NDX,19936.2418,19947.9793,19575.7889,19705.0942,1273773037.0,-0.004750165100577131
2024-07-19 20:30:00,NASDAQ:NDX,19687.798,19784.48,19479.3827,19522.6197,1118221802.0,-0.009260270372115298
2024-07-22 20:30:00,NASDAQ:NDX,19751.0165,19861.7211,19638.3715,19822.8654,1052095032.0,0.015379375545588214
2024-07-23 20:30:00,NASDAQ:NDX,19783.3302,19904.5955,19736.224,19754.337,895358648.0,-0.0034570380526318667
2024-07-24 20:30:00,NASDAQ:NDX,19475.6623,19482.5495,19005.4681,19032.3881,1330547296.0,-0.036546349290284885
2024-07-25 20:30:00,NASDAQ:NDX,19041.1524,19227.1997,18721.7058,18830.5847,1428353876.0,-0.010603157046802814
2024-07-26 20:30:00,NASDAQ:NDX,18990.1994,19142.6755,18899.312,19023.6562,1097695759.0,0.010253080457985009
2024-07-29 20:30:00,NASDAQ:NDX,19122.4293,19224.5864,18974.5127,19059.4867,965818838.0,0.0018834707494346237
2024-07-30 20:30:00,NASDAQ:NDX,19129.5621,19165.4182,18667.2184,18796.2733,1398404446.0,-0.013810099093592099
2024-07-31 20:30:00,NASDAQ:NDX,19222.8489,19426.6155,19162.9139,19362.428,1481943343.0,0.0301205824667381
2024-08-01 20:30:00,NASDAQ:NDX,19375.9651,19538.9739,18737.0929,18890.3861,1635529862.0,-0.02437927206236734
2024-08-02 20:30:00,NASDAQ:NDX,18494.2443,18628.7817,18263.4995,18440.845,1923065619.0,-0.023797348430056653
2024-08-05 20:30:00,NASDAQ:NDX,17444.4018,18169.4878,17435.3855,17895.1551,1844229018.0,-0.029591371761977348
2024-08-06 20:30:00,NASDAQ:NDX,17961.4535,18368.6773,17858.8221,18077.918,1415437664.0,0.010212982171917684
2024-08-07 20:30:00,NASDAQ:NDX,18345.4498,18445.7465,17851.0758,17867.3659,1360413070.0,-0.011646921951963707
2024-08-08 20:30:00,NASDAQ:NDX,18102.0453,18445.4107,17965.0729,18413.8168,1275862521.0,0.030583741501594153
2024-08-09 20:30:00,NASDAQ:NDX,18373.889,18567.6292,18313.7842,18513.1037,997173853.0,0.005391978267102138
2024-08-12 20:30:00,NASDAQ:NDX,18548.2287,18665.7469,18433.6083,18542.0258,984833337.0,0.0015622502022716311
2024-08-13 20:30:00,NASDAQ:NDX,18724.8406,19013.013,18723.7442,19006.4326,1207293389.0,0.025046173757346413
2024-08-14 20:30:00,NASDAQ:NDX,19043.7583,19103.0038,18837.0971,19022.6753,1078414127.0,0.0008545896193059566
2024-08-15 20:30:00,NASDAQ:NDX,19251.8616,19502.9216,19239.9441,19490.1455,1212235305.0,0.024574366782152968
2024-08-16 20:30:00,NASDAQ:NDX,19393.726,19561.2373,19376.7192,19508.5239,1015994480.0,0.0009429585838649501
2024-08-19 20:30:00,NASDAQ:NDX,19521.9329,19767.4261,19445.1036,19766.4854,985281879.0,0.013223014786885035
2024-08-20 20:30:00,NASDAQ:NDX,19736.3493,19835.3832,19652.1814,19719.821,1020427915.0,-0.0023607838751142918
2024-08-21 20:30:00,NASDAQ:NDX,19758.4716,19885.3357,19690.6364,19824.8386,890230051.0,0.005325484445320328
2024-08-22 20:30:00,NASDAQ:NDX,19911.2805,19938.8904,19459.8623,19491.8351,1096379648.0,-0.01679728681372461
2024-08-23 20:30:00,NASDAQ:NDX,19669.7825,19818.4,19526.6335,19720.8675,1009541255.0,0.011750171229388151
2024-08-26 20:30:00,NASDAQ:NDX,19679.2414,19726.8984,19437.3367,19516.4368,1032116222.0,-0.010366212338275727
2024-08-27 20:30:00,NASDAQ:NDX,19450.5736,19617.9217,19369.5255,19581.5228,917421163.0,0.003334932532356394
2024-08-28 20:30:00,NASDAQ:NDX,19567.4539,19587.0395,19221.481,19350.7815,1122392735.0,-0.011783623896707285
2024-08-29 20:30:00,NASDAQ:NDX,19425.2786,19622.7328,19281.6544,19325.4544,1158190078.0,-0.0013088411958970259
2024-08-30 20:30:00,NASDAQ:NDX,19506.2685,19582.1692,19326.6145,19574.6395,1232050881.0,0.012894139244663982
2024-09-03 20:30:00,NASDAQ:NDX,19438.1047,19438.1047,18869.8035,18958.735,1394516627.0,-0.031464410877145466
2024-09-04 20:30:00,NASDAQ:NDX,18832.6385,19070.8195,18808.7594,18921.3961,1129230369.0,-0.00196948266854291
2024-09-05 20:30:00,NASDAQ:NDX,18864.4214,19102.3551,18806.831,18930.3302,1046675341.0,0.00047216917571946126
2024-09-06 20:30:00,NASDAQ:NDX,18903.033,18930.7661,18400.9676,18421.3121,1354245350.0,-0.026889023837524006
2024-09-09 20:30:00,NASDAQ:NDX,18579.8039,18693.8627,18469.3996,18660.7804,1052605684.0,0.012999524610410429
2024-09-10 20:30:00,NASDAQ:NDX,18722.1537,18845.7398,18570.6691,18829.1359,966732811.0,0.009021889566847907
2024-09-11 20:30:00,NASDAQ:NDX,18866.0034,19266.3897,18531.581,19237.3042,1257816290.0,0.021677484413928916
2024-09-12 20:30:00,NASDAQ:NDX,19236.4171,19456.4134,19166.797,19423.0691,1157799805.0,0.00965649334588159
2024-09-13 20:30:00,NASDAQ:NDX,19396.1006,19556.8032,19384.6888,19514.5847,905082478.0,0.004711696155166312
2024-09-16 20:30:00,NASDAQ:NDX,19412.7916,19446.0648,19294.1767,19423.0638,1004076963.0,-0.00468987177574931
2024-09-17 20:30:00,NASDAQ:NDX,19539.7463,19596.3406,19337.1166,19432.3969,996782202.0,0.0004805163642618293
2024-09-18 20:30:00,NASDAQ:NDX,19478.5057,19643.5084,19330.811,19344.4942,1080894767.0,-0.0045235130000869095
2024-09-19 20:30:00,NASDAQ:NDX,19798.7124,19951.7867,19723.9351,19839.8288,1192200091.0,0.025605973197272647
2024-09-20 20:30:00,NASDAQ:NDX,19816.2882,19845.6975,19632.7275,19791.4885,2284815733.0,-0.002436528081330991
2024-09-23 20:30:00,NASDAQ:NDX,19848.7052,19892.7787,19797.8208,19852.1979,1054241985.0,0.0030674499292966395
2024-09-24 20:30:00,NASDAQ:NDX,19917.5643,19984.4675,19739.6668,19944.8433,1183508416.0,0.004666757830376067
2024-09-25 20:30:00,NASDAQ:NDX,19922.28,20043.4315,19921.219,19972.6079,1041510848.0,0.0013920690968776128
2024-09-26 20:30:00,NASDAQ:NDX,20273.2992,20273.2992,19966.9893,20115.538,1182337831.0,0.0071563063129078675
2024-09-27 20:30:00,NASDAQ:NDX,20147.2748,20152.5297,19964.1272,20008.6241,1003972617.0,-0.005314990829477173
2024-09-30 20:30:00,NASDAQ:NDX,19959.2574,20072.4246,19852.8475,20060.6866,1023038691.0,0.0026020030032949393
2024-10-01 20:30:00,NASDAQ:NDX,20046.0616,20056.1967,19622.2941,19773.3027,1156072443.0,-0.01432572601976645
2024-10-02 20:30:00,NASDAQ:NDX,19725.9485,19876.7014,19630.9107,19802.5848,889179385.0,0.0014808906961203405
2024-10-03 20:30:00,NASDAQ:NDX,19712.3301,19902.6965,19688.2215,19793.3429,913728266.0,-0.00046670170047702353
2024-10-04 20:30:00,NASDAQ:NDX,20025.156,20045.6914,19829.4858,20035.0169,950664847.0,0.012209862741275446
2024-10-07 20:30:00,NASDAQ:NDX,19954.6618,19990.1205,19763.0432,19800.7395,1112659757.0,-0.01169339667489866
2024-10-08 20:30:00,NASDAQ:NDX,19902.2143,20132.6695,19881.0827,20107.7767,1022034246.0,0.015506350154245396
2024-10-09 20:30:00,NASDAQ:NDX,20097.5607,20284.4211,20047.8632,20268.8591,910949703.0,0.008010950310583187
2024-10-10 20:30:00,NASDAQ:NDX,20165.2466,20314.2375,20117.2032,20241.761,918633361.0,-0.001336932674222524
2024-10-11 20:30:00,NASDAQ:NDX,20154.8346,20313.1967,20142.1754,20271.9739,863275101.0,0.001492602348185157
2024-10-14 20:30:00,NASDAQ:NDX,20366.0574,20493.9033,20355.0558,20439.0455,869796604.0,0.00824150626989506
2024-10-15 20:30:00,NASDAQ:NDX,20442.768,20484.3107,20083.5545,20159.8261,1230237734.0,-0.01366107825338525
2024-10-16 20:30:00,NASDAQ:NDX,20172.8683,20200.5933,20036.7343,20174.0493,947548162.0,0.0007055219588427697
2024-10-17 20:30:00,NASDAQ:NDX,20375.2865,20377.6519,20186.4318,20190.4243,1015359745.0,0.000811686328138439
2024-10-18 20:30:00,NASDAQ:NDX,20288.4778,20360.2857,20273.5517,20324.0416,848860477.0,0.006617854979897642
2024-10-21 20:30:00,NASDAQ:NDX,20280.4906,20386.6782,20193.0252,20361.4663,863870740.0,0.00184140048207726
2024-10-22 20:30:00,NASDAQ:NDX,20256.9718,20437.9297,20218.853,20383.6453,871358240.0,0.0010892633994634693
2024-10-23 20:30:00,NASDAQ:NDX,20303.5482,20312.7766,19934.9221,20066.9559,1019127096.0,-0.015536445779891994
2024-10-24 20:30:00,NASDAQ:NDX,20197.6168,20256.3833,20116.8835,20232.8724,948264465.0,0.008268144945691613
2024-10-25 20:30:00,NASDAQ:NDX,20354.9124,20552.8198,20322.2518,20352.0153,997080589.0,0.005888580605094784
2024-10-28 20:30:00,NASDAQ:NDX,20455.0058,20470.431,20344.8236,20351.0682,881433966.0,-4.653593199677175e-05
2024-10-29 20:30:00,NASDAQ:NDX,20369.0811,20600.0988,20294.5773,20550.6527,1065415014.0,0.009807077350367122
2024-10-30 20:30:00,NASDAQ:NDX,20510.9204,20559.5157,20378.7486,20387.6997,1311683655.0,-0.007929334526683762
2024-10-31 20:30:00,NASDAQ:NDX,20227.189,20227.189,19880.258,19890.4155,1438521910.0,-0.024391383398687294
2024-11-01 20:30:00,NASDAQ:NDX,19955.8282,20162.5363,19950.9857,20033.1418,1262007608.0,0.007175631901706669
2024-11-04 21:30:00,NASDAQ:NDX,20011.5488,20106.9928,19898.5658,19963.6024,994060871.0,-0.003471217879564059
2024-11-05 21:30:00,NASDAQ:NDX,20042.9262,20249.2046,20042.9262,20227.4564,905967524.0,0.013216752904275486
2024-11-06 21:30:00,NASDAQ:NDX,20571.2947,20807.0345,20526.6412,20781.334,1513734928.0,0.027382464163907327
2024-11-07 21:30:00,NASDAQ:NDX,20896.4068,21132.7965,20896.4068,21101.5664,1263194305.0,0.015409617111201923
2024-11-08 21:30:00,NASDAQ:NDX,21083.5772,21155.0015,21050.3158,21117.1791,1159949429.0,0.0007398834619216643
2024-11-11 21:30:00,NASDAQ:NDX,21171.2429,21182.0249,20993.4823,21106.5911,1155992449.0,-0.0005013927262661477
2024-11-12 21:30:00,NASDAQ:NDX,21105.486,21144.6707,20946.7389,21070.7926,1087906592.0,-0.0016960815619344594
2024-11-13 21:30:00,NASDAQ:NDX,21049.6571,21154.9356,20955.2392,21036.1636,1079676128.0,-0.0016434597718929522
2024-11-14 21:30:00,NASDAQ:NDX,21052.0687,21067.6556,20864.0222,20896.6732,1118626440.0,-0.0066309809455940005
2024-11-15 21:30:00,NASDAQ:NDX,20679.9817,20684.5651,20315.0784,20394.1333,1313600547.0,-0.024048799308398983
2024-11-18 21:30:00,NASDAQ:NDX,20450.2048,20622.2807,20401.2573,20539.1916,1238067064.0,0.007112746487736077
2024-11-19 21:30:00,NASDAQ:NDX,20435.6764,20696.4662,20423.3009,20684.5935,1187676268.0,0.007079241619227128
2024-11-20 21:30:00,NASDAQ:NDX,20660.8389,20676.5699,20402.5451,20667.1042,1115683374.0,-0.0008455230217599974
2024-11-21 21:30:00,NASDAQ:NDX,20775.27,20814.9316,20436.8016,20740.7807,1375536589.0,0.0035649164627522545
2024-11-22 21:30:00,NASDAQ:NDX,20737.4903,20797.2366,20655.7207,20776.2296,1126491311.0,0.0017091401000155493
2024-11-25 21:30:00,NASDAQ:NDX,20918.758,20998.4847,20712.3799,20804.8926,1570088795.0,0.0013796054698971272
2024-11-26 21:30:00,NASDAQ:NDX,20871.5533,20944.8983,20832.4037,20922.898,1002753081.0,0.005672002363521056
2024-11-27 21:30:00,NASDAQ:NDX,20852.4276,20853.0787,20615.4204,20744.488,902690195.0,-0.008527021447984895
2024-11-29 21:30:00,NASDAQ:NDX,20771.0197,20956.3076,20751.9639,20930.3662,628762958.0,0.008960365760774636
2024-12-02 21:30:00,NASDAQ:NDX,20971.7558,21201.0296,20971.7558,21164.5957,1277926700.0,0.011190893544901437
2024-12-03 21:30:00,NASDAQ:NDX,21106.5132,21235.7854,21081.8051,21229.3169,1128050239.0,0.003057993685180671
2024-12-04 21:30:00,NASDAQ:NDX,21361.8131,21498.4412,21340.841,21492.362,1175761777.0,0.01239065304074849
2024-12-05 21:30:00,NASDAQ:NDX,21488.519,21517.4882,21411.5288,21425.2225,1098422841.0,-0.0031238772174040363
2024-12-06 21:30:00,NASDAQ:NDX,21458.5811,21626.3134,21449.6156,21622.2542,1046353494.0,0.009196249887253094
2024-12-09 21:30:00,NASDAQ:NDX,21573.76,21609.9876,21400.7675,21440.8198,1209693278.0,-0.008391095503816559
2024-12-10 21:30:00,NASDAQ:NDX,21492.5086,21567.0178,21313.2737,21368.1805,1159163501.0,-0.0033878975094041586
2024-12-11 21:30:00,NASDAQ:NDX,21540.3775,21784.7135,21533.8907,21763.984,1163035744.0,0.018523032412609997
2024-12-12 21:30:00,NASDAQ:NDX,21652.852,21715.8331,21596.6647,21615.2732,1009732435.0,-0.006832885008553613
2024-12-13 21:30:00,NASDAQ:NDX,21789.647,21886.7402,21646.0861,21780.2543,1178992525.0,0.007632616922001345
2024-12-16 21:30:00,NASDAQ:NDX,21891.3629,22133.2171,21879.7356,22096.6569,1343151032.0,0.014527038832599981
2024-12-17 21:30:00,NASDAQ:NDX,22003.6427,22062.003,21921.2057,22001.0839,1286675400.0,-0.004325224418902929
2024-12-18 21:30:00,NASDAQ:NDX,21979.5274,22038.0815,21146.828,21209.3148,1438816696.0,-0.03598773149535606
2024-12-19 21:30:00,NASDAQ:NDX,21358.7875,21413.7364,21093.4548,21110.5064,1305347254.0,-0.00465872664589817
2024-12-20 21:30:00,NASDAQ:NDX,20939.6427,21540.3173,20913.7203,21289.1544,2354371904.0,0.008462516086302996
2024-12-23 21:30:00,NASDAQ:NDX,21364.2614,21510.0905,21224.2685,21503.1707,999202409.0,0.010052832347347662
2024-12-24 21:30:00,NASDAQ:NDX,21564.3691,21797.6509,21558.9663,21797.6509,555608047.0,0.013694733865457387
2024-12-26 21:30:00,NASDAQ:NDX,21733.9827,21837.6957,21645.6171,21768.3118,650963458.0,-0.001345975313330694
2024-12-27 21:30:00,NASDAQ:NDX,21633.0959,21642.264,21292.1941,21473.0147,846539378.0,-0.013565457106324619
2024-12-30 21:30:00,NASDAQ:NDX,21189.1031,21346.0617,21046.6317,21197.0892,861094987.0,-0.012849872449442357
2024-12-31 21:30:00,NASDAQ:NDX,21256.0233,21276.141,20979.519,21012.1737,782114177.0,-0.008723627015731927
2025-01-02 21:30:00,NASDAQ:NDX,21120.0539,21236.5938,20800.5,20975.624,998684163.0,-0.0017394535435426572
2025-01-03 21:30:00,NASDAQ:NDX,21096.7872,21359.6318,21075.8906,21326.1572,979884860.0,0.016711455163384015
2025-01-06 21:30:00,NASDAQ:NDX,21551.1756,21703.4913,21462.522,21559.5003,1261929349.0,0.010941638374493357
2025-01-07 21:30:00,NASDAQ:NDX,21619.8867,21621.2527,21101.092,21173.0431,1228651799.0,-0.01792514643764731
2025-01-08 21:30:00,NASDAQ:NDX,21156.7553,21242.6099,20992.084,21180.9648,1044909278.0,0.0003741408338229224
2025-01-10 21:30:00,NASDAQ:NDX,21012.2901,21015.5062,20718.7825,20847.5817,1161557427.0,-0.015739750438563682
2025-01-13 21:30:00,NASDAQ:NDX,20593.6483,20797.1013,20538.3268,20784.7241,1027355799.0,-0.0030151027061330327
2025-01-14 21:30:00,NASDAQ:NDX,20896.3618,20969.5167,20622.7164,20757.4098,954035060.0,-0.0013141526377056234
2025-01-15 21:30:00,NASDAQ:NDX,21067.8055,21286.0123,21024.2661,21237.8524,1015421971.0,0.023145594976883732
2025-01-16 21:30:00,NASDAQ:NDX,21324.975,21330.5857,21087.8508,21091.2518,995576837.0,-0.006902797761227597
2025-01-17 21:30:00,NASDAQ:NDX,21461.9022,21515.7644,21334.6311,21441.1549,1247502867.0,0.016589963617048342
2025-01-21 21:30:00,NASDAQ:NDX,21557.8187,21620.2274,21379.0602,21566.5067,1181356150.0,0.0058463175414118496
2025-01-22 21:30:00,NASDAQ:NDX,21756.2329,21943.0364,21756.2329,21852.9963,1135645584.0,0.013284005795894505
2025-01-23 21:30:00,NASDAQ:NDX,21737.2384,21900.9297,21722.0401,21900.9297,944447559.0,0.002193447495344225
2025-01-24 21:30:00,NASDAQ:NDX,21915.4784,21945.4821,21709.0607,21774.0111,1057636979.0,-0.005795123848098549
2025-01-27 21:30:00,NASDAQ:NDX,21000.1662,21292.5375,20974.9009,21127.2788,2084239853.0,-0.029702028580301354
2025-01-28 21:30:00,NASDAQ:NDX,21186.0793,21500.7261,21043.1286,21463.0373,1547253010.0,0.01589217916696395
2025-01-29 21:30:00,NASDAQ:NDX,21473.0127,21477.8776,21251.8015,21411.458,1311896754.0,-0.002403168725798266
2025-01-30 21:30:00,NASDAQ:NDX,21519.8142,21623.4531,21308.6906,21508.1233,1400310682.0,0.004514652855494461
2025-01-31 21:30:00,NASDAQ:NDX,21661.5616,21846.0116,21425.7875,21478.0478,1485426481.0,-0.0013983321362119883
2025-02-03 21:30:00,NASDAQ:NDX,21084.639,21406.5776,21004.3514,21297.5822,1413919169.0,-0.008402327887546579
2025-02-04 21:30:00,NASDAQ:NDX,21319.5757,21582.4011,21308.2362,21566.9177,1351731767.0,0.01264629465780387
2025-02-05 21:30:00,NASDAQ:NDX,21453.8671,21662.9804,21408.64,21658.1638,1329822436.0,0.004230836379553571
2025-02-06 21:30:00,NASDAQ:NDX,21674.1714,21776.0827,21618.2474,21774.0652,1182877603.0,0.005351395486260069
2025-02-07 21:30:00,NASDAQ:NDX,21776.2829,21869.3197,21465.4611,21491.3085,1262841584.0,-0.012985939805121971
2025-02-10 21:30:00,NASDAQ:NDX,21670.062,21793.1306,21645.1676,21756.7342,1099189680.0,0.012350374105885686
2025-02-11 21:30:00,NASDAQ:NDX,21629.1079,21776.2498,21625.5057,21693.5213,1130319349.0,-0.0029054406520256926
2025-02-12 21:30:00,NASDAQ:NDX,21475.4061,21745.6635,21454.1919,21719.2614,1134298335.0,0.0011865339722416657
2025-02-13 21:30:00,NASDAQ:NDX,21786.1581,22038.1503,21758.0357,22030.7144,1358052163.0,0.01433994435924979
2025-02-14 21:30:00,NASDAQ:NDX,22038.606,22139.4328,22010.3461,22114.6886,1222522206.0,0.003811687559255983
2025-02-18 21:30:00,NASDAQ:NDX,22176.0133,22191.3663,22029.5768,22164.6057,1397461556.0,0.002257192081827508
2025-02-19 21:30:00,NASDAQ:NDX,22121.7307,22222.6097,22045.7541,22175.5979,1192783848.0,0.0004959348318116508
2025-02-20 21:30:00,NASDAQ:NDX,22132.7122,22148.4437,21878.7536,22068.0571,1208000430.0,-0.004849510731794071
2025-02-21 21:30:00,NASDAQ:NDX,22110.5425,22115.2055,21597.1556,21614.0795,1376291139.0,-0.02057170678609499
2025-02-24 21:30:00,NASDAQ:NDX,21669.3578,21727.5794,21341.9576,21352.0796,1403661646.0,-0.012121723712545718
2025-02-25 21:30:00,NASDAQ:NDX,21318.7734,21326.8092,20930.5775,21087.2453,1495586391.0,-0.0124032087253928
2025-02-26 21:30:00,NASDAQ:NDX,21170.5061,21350.5193,21012.6154,21132.9191,1323518158.0,0.002165944358792027
2025-02-27 21:30:00,NASDAQ:NDX,21281.3567,21323.9057,20540.6804,20550.9532,1612675296.0,-0.027538358389873285
2025-02-28 21:30:00,NASDAQ:NDX,20518.65,20900.7679,20407.4496,20884.4081,1734825413.0,0.01622576319233704
2025-03-03 21:30:00,NASDAQ:NDX,20989.5758,21073.8033,20279.4973,20425.584,1615373279.0,-0.021969696139006234
2025-03-04 21:30:00,NASDAQ:NDX,20281.8851,20688.4632,20034.6767,20352.528,1749528626.0,-0.003576690879438238
2025-03-05 21:30:00,NASDAQ:NDX,20363.2236,20688.7196,20182.5731,20628.4645,1384867626.0,0.013557848931592176
2025-03-06 21:30:00,NASDAQ:NDX,20231.7385,20473.4049,19968.556,20052.6349,1517012717.0,-0.027914321979709
2025-03-07 21:30:00,NASDAQ:NDX,20015.6152,20253.2171,19736.8062,20201.3725,1557388742.0,0.0074173594014819155
2025-03-10 20:30:00,NASDAQ:NDX,19826.9595,19867.0838,19243.3094,19430.9527,1835631955.0,-0.03813700281998167
2025-03-11 20:30:00,NASDAQ:NDX,19405.519,19659.427,19180.5572,19376.9598,1645266439.0,-0.0027787057502333123
2025-03-12 20:30:00,NASDAQ:NDX,19663.3873,19756.0869,19375.2536,19596.0202,1482815611.0,0.011305199693916856
2025-03-13 20:30:00,NASDAQ:NDX,19534.3738,19558.5603,19152.5688,19225.4827,1488466314.0,-0.01890881394376187
