datetime,symbol,open,high,low,close,volume
2023-01-03 21:30:00,NYSE:CVX,178.04,179.0,171.51,173.99,7565431.0
2023-01-04 21:30:00,NYSE:CVX,170.95,174.29,170.85,172.14,7684494.0
2023-01-05 21:30:00,NYSE:CVX,171.5,176.19,171.24,175.24,6088214.0
2023-01-06 21:30:00,NYSE:CVX,177.02,179.39,175.7,176.56,7191222.0
2023-01-09 21:30:00,NYSE:CVX,178.26,178.3299,174.3806,175.18,8385636.0
2023-01-10 21:30:00,NYSE:CVX,176.4,176.71,173.72,176.04,8307049.0
2023-01-11 21:30:00,NYSE:CVX,177.89,178.14,174.3,175.2,6962580.0
2023-01-12 21:30:00,NYSE:CVX,175.99,178.37,175.9,177.08,6891351.0
2023-01-13 21:30:00,NYSE:CVX,177.09,177.99,175.68,177.56,5726331.0
2023-01-17 21:30:00,NYSE:CVX,178.44,181.32,178.18,180.49,10697748.0
2023-01-18 21:30:00,NYSE:CVX,180.82,182.38,176.94,177.23,8899185.0
2023-01-19 21:30:00,NYSE:CVX,176.61,179.95,176.16,179.0,5907163.0
2023-01-20 21:30:00,NYSE:CVX,178.81,181.36,177.52,180.9,10477905.0
2023-01-23 21:30:00,NYSE:CVX,181.21,182.5455,180.03,180.66,8381315.0
2023-01-24 21:30:00,NYSE:CVX,181.09,182.0,178.7,180.83,5988995.0
2023-01-25 21:30:00,NYSE:CVX,179.29,180.03,176.35,179.08,6727512.0
2023-01-26 21:30:00,NYSE:CVX,184.99,187.81,183.48,187.79,14307824.0
2023-01-27 21:30:00,NYSE:CVX,184.23,184.23,177.915,179.45,19654686.0
2023-01-30 21:30:00,NYSE:CVX,178.0,178.34,173.67,174.2,11476042.0
2023-01-31 21:30:00,NYSE:CVX,172.75,174.63,171.42,174.02,14481276.0
2023-02-01 21:30:00,NYSE:CVX,173.31,173.66,169.54,171.36,11526400.0
2023-02-02 21:30:00,NYSE:CVX,171.13,171.43,166.82,169.01,10463350.0
2023-02-03 21:30:00,NYSE:CVX,169.86,171.5477,168.49,169.45,8404871.0
2023-02-06 21:30:00,NYSE:CVX,169.56,170.12,167.37,169.64,7659492.0
2023-02-07 21:30:00,NYSE:CVX,170.065,174.39,169.61,174.09,10256500.0
2023-02-08 21:30:00,NYSE:CVX,172.48,174.0686,169.465,170.0,9784725.0
2023-02-09 21:30:00,NYSE:CVX,170.23,170.66,168.0,168.44,10123359.0
2023-02-10 21:30:00,NYSE:CVX,170.8,172.73,170.78,171.97,11602394.0
2023-02-13 21:30:00,NYSE:CVX,171.32,171.9,169.77,171.01,9442889.0
2023-02-14 21:30:00,NYSE:CVX,170.48,173.51,169.98,172.32,8077335.0
2023-02-15 21:30:00,NYSE:CVX,169.4,169.5238,167.5,169.01,8888908.0
2023-02-16 21:30:00,NYSE:CVX,168.19,168.66,166.4,166.57,6727542.0
2023-02-17 21:30:00,NYSE:CVX,164.73,164.84,161.85,162.85,9612107.0
2023-02-21 21:30:00,NYSE:CVX,162.18,163.7497,160.7,161.0,7259738.0
2023-02-22 21:30:00,NYSE:CVX,160.28,161.66,158.91,160.35,6205935.0
2023-02-23 21:30:00,NYSE:CVX,162.25,162.84,160.56,161.93,6445523.0
2023-02-24 21:30:00,NYSE:CVX,160.77,162.6,159.15,162.41,5330180.0
2023-02-27 21:30:00,NYSE:CVX,163.01,163.37,161.92,162.82,6386760.0
2023-02-28 21:30:00,NYSE:CVX,164.32,164.32,160.28,160.77,10854226.0
2023-03-01 21:30:00,NYSE:CVX,160.92,163.59,160.59,162.05,7470391.0
2023-03-02 21:30:00,NYSE:CVX,161.98,163.49,161.5901,162.56,5582097.0
2023-03-03 21:30:00,NYSE:CVX,160.87,165.58,160.42,164.96,6007546.0
2023-03-06 21:30:00,NYSE:CVX,164.34,166.8,163.81,166.17,7703600.0
2023-03-07 21:30:00,NYSE:CVX,165.7,166.6,163.58,164.03,7392967.0
2023-03-08 21:30:00,NYSE:CVX,163.23,165.29,161.38,162.99,5435819.0
2023-03-09 21:30:00,NYSE:CVX,163.79,165.49,160.19,160.51,6214745.0
2023-03-10 21:30:00,NYSE:CVX,160.94,164.67,158.67,159.67,7385803.0
2023-03-13 20:30:00,NYSE:CVX,156.44,160.95,153.8,158.71,10106133.0
2023-03-14 20:30:00,NYSE:CVX,158.26,164.02,157.88,160.76,10035193.0
2023-03-15 20:30:00,NYSE:CVX,155.59,157.95,152.01,153.8,14063141.0
2023-03-16 20:30:00,NYSE:CVX,150.16,155.465,149.91,154.29,12852688.0
2023-03-17 20:30:00,NYSE:CVX,153.62,155.38,150.6,152.34,33161774.0
2023-03-20 20:30:00,NYSE:CVX,151.74,155.78,151.29,154.58,8461414.0
2023-03-21 20:30:00,NYSE:CVX,157.16,159.57,156.47,159.31,9753541.0
2023-03-22 20:30:00,NYSE:CVX,159.87,160.06,155.93,156.07,6315094.0
2023-03-23 20:30:00,NYSE:CVX,157.02,158.755,153.14,154.52,7859437.0
2023-03-24 20:30:00,NYSE:CVX,152.1,156.65,151.83,156.06,6601923.0
2023-03-27 20:30:00,NYSE:CVX,157.4,158.48,155.69,157.65,7006768.0
2023-03-28 20:30:00,NYSE:CVX,157.28,160.19,156.68,159.49,5605382.0
2023-03-29 20:30:00,NYSE:CVX,160.62,161.32,159.3348,160.86,7569727.0
2023-03-30 20:30:00,NYSE:CVX,162.25,163.01,161.58,162.39,6322353.0
2023-03-31 20:30:00,NYSE:CVX,162.7,163.72,162.15,163.16,7041436.0
2023-04-03 20:30:00,NYSE:CVX,169.8,171.1,168.92,169.95,12868174.0
2023-04-04 20:30:00,NYSE:CVX,171.14,171.14,167.72,169.04,7521448.0
2023-04-05 20:30:00,NYSE:CVX,169.26,170.44,167.74,169.88,6478114.0
2023-04-06 20:30:00,NYSE:CVX,169.345,169.41,167.13,167.65,5803168.0
2023-04-10 20:30:00,NYSE:CVX,168.49,169.675,167.31,168.29,5923503.0
2023-04-11 20:30:00,NYSE:CVX,169.065,170.34,168.07,169.22,5469592.0
2023-04-12 20:30:00,NYSE:CVX,170.45,171.12,169.47,169.82,6157875.0
2023-04-13 20:30:00,NYSE:CVX,170.25,172.47,169.82,172.09,6856568.0
2023-04-14 20:30:00,NYSE:CVX,172.5,172.88,171.22,172.44,4930721.0
2023-04-17 20:30:00,NYSE:CVX,172.39,172.54,170.22,170.92,7005985.0
2023-04-18 20:30:00,NYSE:CVX,170.82,172.39,170.125,170.52,8045627.0
2023-04-19 20:30:00,NYSE:CVX,169.46,170.74,169.095,170.68,5506770.0
2023-04-20 20:30:00,NYSE:CVX,168.76,170.06,168.02,169.85,5851104.0
2023-04-21 20:30:00,NYSE:CVX,169.83,170.59,168.84,169.12,7179013.0
2023-04-24 20:30:00,NYSE:CVX,169.1,172.38,168.58,171.48,7177576.0
2023-04-25 20:30:00,NYSE:CVX,170.32,170.4,168.43,168.99,5807244.0
2023-04-26 20:30:00,NYSE:CVX,168.21,168.95,165.23,165.98,5927431.0
2023-04-27 20:30:00,NYSE:CVX,166.43,167.3866,165.07,166.95,6417225.0
2023-04-28 20:30:00,NYSE:CVX,164.5,168.94,164.05,168.58,10036290.0
2023-05-01 20:30:00,NYSE:CVX,167.71,168.73,166.36,167.24,6099800.0
2023-05-02 20:30:00,NYSE:CVX,165.32,165.38,158.45,160.04,10701666.0
2023-05-03 20:30:00,NYSE:CVX,158.15,159.57,156.74,156.83,7538057.0
2023-05-04 20:30:00,NYSE:CVX,157.11,158.1999,155.42,156.22,7500368.0
2023-05-05 20:30:00,NYSE:CVX,159.3,161.12,158.78,160.21,5801986.0
2023-05-08 20:30:00,NYSE:CVX,161.57,162.3,159.52,159.58,5028202.0
2023-05-09 20:30:00,NYSE:CVX,158.11,160.415,157.9125,159.12,5019809.0
2023-05-10 20:30:00,NYSE:CVX,160.44,160.44,155.881,157.09,6161227.0
2023-05-11 20:30:00,NYSE:CVX,155.38,156.32,153.89,156.22,6666132.0
2023-05-12 20:30:00,NYSE:CVX,157.0,157.93,155.56,156.62,4898904.0
2023-05-15 20:30:00,NYSE:CVX,157.23,158.1629,156.23,157.2,5096748.0
2023-05-16 20:30:00,NYSE:CVX,156.48,157.02,153.3289,153.51,7009079.0
2023-05-17 20:30:00,NYSE:CVX,154.785,156.42,153.96,155.71,6169555.0
2023-05-18 20:30:00,NYSE:CVX,152.87,154.24,151.53,154.01,7477698.0
2023-05-19 20:30:00,NYSE:CVX,154.89,156.44,153.985,155.23,8100946.0
2023-05-22 20:30:00,NYSE:CVX,153.79,154.83,152.09,152.44,11660950.0
2023-05-23 20:30:00,NYSE:CVX,154.14,157.6795,153.84,156.85,10436207.0
2023-05-24 20:30:00,NYSE:CVX,157.95,158.57,156.29,157.27,7063999.0
2023-05-25 20:30:00,NYSE:CVX,154.68,155.625,153.5,154.56,7037671.0
2023-05-26 20:30:00,NYSE:CVX,155.29,155.63,153.46,154.08,7736203.0
2023-05-30 20:30:00,NYSE:CVX,151.67,153.26,151.21,153.12,7814766.0
2023-05-31 20:30:00,NYSE:CVX,151.544,152.4201,150.36,150.62,13346443.0
2023-06-01 20:30:00,NYSE:CVX,151.3,153.74,149.74,152.16,9887729.0
2023-06-02 20:30:00,NYSE:CVX,154.58,156.75,153.61,156.26,9464262.0
2023-06-05 20:30:00,NYSE:CVX,158.45,158.45,155.24,155.51,7207003.0
2023-06-06 20:30:00,NYSE:CVX,153.33,156.16,153.2,155.79,6176434.0
2023-06-07 20:30:00,NYSE:CVX,156.55,160.21,156.5,159.83,9900022.0
2023-06-08 20:30:00,NYSE:CVX,160.16,160.49,157.09,159.24,7142908.0
2023-06-09 20:30:00,NYSE:CVX,159.28,160.39,158.62,158.86,6669832.0
2023-06-12 20:30:00,NYSE:CVX,157.06,159.3275,156.23,157.33,7162092.0
2023-06-13 20:30:00,NYSE:CVX,158.52,160.58,158.27,158.51,7660771.0
2023-06-14 20:30:00,NYSE:CVX,159.98,160.77,156.145,157.09,7721057.0
2023-06-15 20:30:00,NYSE:CVX,157.32,159.79,157.32,158.28,7705434.0
2023-06-16 20:30:00,NYSE:CVX,158.57,159.24,157.26,157.26,22875222.0
2023-06-20 20:30:00,NYSE:CVX,156.15,156.57,152.24,153.68,10443232.0
2023-06-21 20:30:00,NYSE:CVX,152.67,155.96,152.5,154.88,7328152.0
2023-06-22 20:30:00,NYSE:CVX,153.35,153.585,151.974,152.64,7089588.0
2023-06-23 20:30:00,NYSE:CVX,151.01,151.7,150.13,151.35,15172660.0
2023-06-26 20:30:00,NYSE:CVX,151.62,154.97,151.54,154.01,7371817.0
2023-06-27 20:30:00,NYSE:CVX,153.5,154.71,152.8192,153.53,6581662.0
2023-06-28 20:30:00,NYSE:CVX,153.44,155.02,152.19,154.92,5773828.0
2023-06-29 20:30:00,NYSE:CVX,155.43,156.27,154.44,156.24,5633479.0
2023-06-30 20:30:00,NYSE:CVX,157.46,157.92,156.605,157.35,6346777.0
2023-07-03 20:30:00,NYSE:CVX,157.18,158.1,156.7,157.21,3272586.0
2023-07-05 20:30:00,NYSE:CVX,157.7,157.7,155.12,156.31,6320294.0
2023-07-06 20:30:00,NYSE:CVX,155.195,155.83,151.63,152.88,9206088.0
2023-07-07 20:30:00,NYSE:CVX,152.14,155.99,151.96,154.22,6602217.0
2023-07-10 20:30:00,NYSE:CVX,153.93,155.79,153.92,155.25,5167916.0
2023-07-11 20:30:00,NYSE:CVX,156.0,158.405,155.66,158.12,5061517.0
2023-07-12 20:30:00,NYSE:CVX,159.22,160.34,158.33,159.64,6463957.0
2023-07-13 20:30:00,NYSE:CVX,159.84,160.6,156.57,157.51,8143855.0
2023-07-14 20:30:00,NYSE:CVX,157.01,157.02,153.3,153.58,7065664.0
2023-07-17 20:30:00,NYSE:CVX,153.35,154.14,152.64,153.44,4353317.0
2023-07-18 20:30:00,NYSE:CVX,152.67,156.07,152.37,153.75,6798680.0
2023-07-19 20:30:00,NYSE:CVX,153.83,155.7787,153.28,154.69,5653115.0
2023-07-20 20:30:00,NYSE:CVX,156.16,157.19,155.71,156.4,5866574.0
2023-07-21 20:30:00,NYSE:CVX,157.53,158.83,157.0595,158.69,8760132.0
2023-07-24 20:30:00,NYSE:CVX,160.47,164.04,160.01,161.82,9722057.0
2023-07-25 20:30:00,NYSE:CVX,161.91,163.51,160.66,162.56,6767564.0
2023-07-26 20:30:00,NYSE:CVX,160.88,162.086,160.55,161.34,6056366.0
2023-07-27 20:30:00,NYSE:CVX,162.09,162.47,159.22,159.66,6470137.0
2023-07-28 20:30:00,NYSE:CVX,158.4101,159.0,156.51,158.87,6546464.0
2023-07-31 20:30:00,NYSE:CVX,161.13,163.9771,160.62,163.66,13062491.0
2023-08-01 20:30:00,NYSE:CVX,163.64,163.64,160.5525,162.3,7534939.0
2023-08-02 20:30:00,NYSE:CVX,161.17,161.22,158.06,159.73,7071269.0
2023-08-03 20:30:00,NYSE:CVX,159.91,161.7,158.855,159.67,6682224.0
2023-08-04 20:30:00,NYSE:CVX,160.66,163.02,159.04,159.31,10185371.0
2023-08-07 20:30:00,NYSE:CVX,161.01,161.38,159.08,159.89,13927388.0
2023-08-08 20:30:00,NYSE:CVX,157.94,159.79,156.22,159.65,6451267.0
2023-08-09 20:30:00,NYSE:CVX,160.86,161.44,159.31,159.86,10531477.0
2023-08-10 20:30:00,NYSE:CVX,160.33,162.4799,159.6188,160.83,8647064.0
2023-08-11 20:30:00,NYSE:CVX,160.5,164.17,160.18,164.15,6682611.0
2023-08-14 20:30:00,NYSE:CVX,163.77,164.25,162.6101,164.03,6060083.0
2023-08-15 20:30:00,NYSE:CVX,163.4,163.41,159.1,159.24,7876471.0
2023-08-16 20:30:00,NYSE:CVX,160.52,161.83,158.47,158.63,7920458.0
2023-08-17 20:30:00,NYSE:CVX,159.18,162.14,158.97,159.75,8270458.0
2023-08-18 20:30:00,NYSE:CVX,158.38,161.32,158.16,160.9,5999190.0
2023-08-21 20:30:00,NYSE:CVX,161.2,162.07,159.45,160.36,6802337.0
2023-08-22 20:30:00,NYSE:CVX,160.49,161.25,158.97,159.04,6081658.0
2023-08-23 20:30:00,NYSE:CVX,158.14,159.405,156.7,159.25,4975570.0
2023-08-24 20:30:00,NYSE:CVX,157.73,159.89,157.56,157.94,5989609.0
2023-08-25 20:30:00,NYSE:CVX,159.07,159.91,157.645,159.12,5291847.0
2023-08-28 20:30:00,NYSE:CVX,159.53,161.8,159.215,160.21,4386082.0
2023-08-29 20:30:00,NYSE:CVX,160.91,160.95,159.1,159.96,5374765.0
2023-08-30 20:30:00,NYSE:CVX,160.59,161.25,159.93,160.18,5534892.0
2023-08-31 20:30:00,NYSE:CVX,161.01,161.24,159.93,161.1,7003681.0
2023-09-01 20:30:00,NYSE:CVX,162.64,164.69,162.64,164.3,6663003.0
2023-09-05 20:30:00,NYSE:CVX,165.28,167.56,165.2,166.46,9755844.0
2023-09-06 20:30:00,NYSE:CVX,166.28,167.4387,165.58,166.63,7195549.0
2023-09-07 20:30:00,NYSE:CVX,167.14,167.9,166.28,166.64,7925879.0
2023-09-08 20:30:00,NYSE:CVX,167.42,168.489,166.705,167.21,7435923.0
2023-09-11 20:30:00,NYSE:CVX,168.08,168.59,162.87,163.76,7155050.0
2023-09-12 20:30:00,NYSE:CVX,165.3,167.19,165.1,166.81,7521146.0
2023-09-13 20:30:00,NYSE:CVX,167.405,167.75,165.58,166.2,5759464.0
2023-09-14 20:30:00,NYSE:CVX,167.7,168.5,167.1192,167.23,8822822.0
2023-09-15 20:30:00,NYSE:CVX,166.21,168.37,165.88,166.5,17439739.0
2023-09-18 20:30:00,NYSE:CVX,167.8699,168.36,166.4,167.22,7027558.0
2023-09-19 20:30:00,NYSE:CVX,168.69,168.96,166.425,167.2,6617029.0
2023-09-20 20:30:00,NYSE:CVX,167.07,168.51,166.6,166.69,5942108.0
2023-09-21 20:30:00,NYSE:CVX,167.12,167.87,165.05,165.19,7150432.0
2023-09-22 20:30:00,NYSE:CVX,166.23,167.42,165.94,166.28,5965497.0
2023-09-25 20:30:00,NYSE:CVX,166.33,168.78,165.99,168.71,5509956.0
2023-09-26 20:30:00,NYSE:CVX,167.44,168.41,166.98,167.8,5659200.0
2023-09-27 20:30:00,NYSE:CVX,169.37,171.23,168.81,171.04,9124395.0
2023-09-28 20:30:00,NYSE:CVX,170.55,171.7,169.43,170.59,7151760.0
2023-09-29 20:30:00,NYSE:CVX,170.49,170.5,167.82,168.62,7396096.0
2023-10-02 20:30:00,NYSE:CVX,168.34,168.57,165.23,166.54,6839611.0
2023-10-03 20:30:00,NYSE:CVX,165.92,167.36,165.51,166.93,6168626.0
2023-10-04 20:30:00,NYSE:CVX,164.7,164.98,161.49,163.04,9664693.0
2023-10-05 20:30:00,NYSE:CVX,161.42,164.7537,161.39,163.9,8073048.0
2023-10-06 20:30:00,NYSE:CVX,164.31,164.37,158.99,162.23,10190409.0
2023-10-09 20:30:00,NYSE:CVX,166.38,168.19,164.95,166.72,8183490.0
2023-10-10 20:30:00,NYSE:CVX,166.765,167.4,165.675,166.54,6512874.0
2023-10-11 20:30:00,NYSE:CVX,165.07,165.08,160.48,161.1,12570718.0
2023-10-12 20:30:00,NYSE:CVX,163.26,163.26,160.9,161.23,7396969.0
2023-10-13 20:30:00,NYSE:CVX,163.41,164.84,162.3,164.06,8044677.0
2023-10-16 20:30:00,NYSE:CVX,165.34,165.81,163.85,165.4,5445954.0
2023-10-17 20:30:00,NYSE:CVX,164.83,168.2,164.65,167.59,7538316.0
2023-10-18 20:30:00,NYSE:CVX,168.47,169.7,167.5817,168.92,6893452.0
2023-10-19 20:30:00,NYSE:CVX,168.7,170.17,167.51,169.1,6580157.0
2023-10-20 20:30:00,NYSE:CVX,168.41,169.1,166.095,166.83,7458286.0
2023-10-23 20:30:00,NYSE:CVX,163.3,164.43,160.25,160.68,16232376.0
2023-10-24 20:30:00,NYSE:CVX,160.89,161.08,156.47,156.65,17689936.0
2023-10-25 20:30:00,NYSE:CVX,156.94,157.41,155.17,155.87,10502368.0
2023-10-26 20:30:00,NYSE:CVX,155.01,155.18,153.63,154.75,10830422.0
2023-10-27 20:30:00,NYSE:CVX,150.72,151.25,143.96,144.35,24524341.0
2023-10-30 20:30:00,NYSE:CVX,145.66,146.44,144.32,146.09,13857148.0
2023-10-31 20:30:00,NYSE:CVX,146.1,146.5178,144.23,145.73,14261264.0
2023-11-01 20:30:00,NYSE:CVX,145.98,146.015,143.82,143.98,10819561.0
2023-11-02 20:30:00,NYSE:CVX,144.54,148.9999,143.83,148.76,11099076.0
2023-11-03 20:30:00,NYSE:CVX,148.3,148.56,146.15,147.61,13159994.0
2023-11-06 21:30:00,NYSE:CVX,148.73,149.3299,146.69,147.0,10634159.0
2023-11-07 21:30:00,NYSE:CVX,145.16,145.61,143.24,144.41,15054584.0
2023-11-08 21:30:00,NYSE:CVX,143.88,144.65,142.25,142.4,12654140.0
2023-11-09 21:30:00,NYSE:CVX,143.05,143.91,141.78,141.94,10359504.0
2023-11-10 21:30:00,NYSE:CVX,143.29,143.44,141.73,142.95,11990412.0
2023-11-13 21:30:00,NYSE:CVX,143.15,144.3,142.85,144.0,8747672.0
2023-11-14 21:30:00,NYSE:CVX,144.48,145.5,143.86,145.05,11224352.0
2023-11-15 21:30:00,NYSE:CVX,144.86,146.64,144.41,145.56,10052077.0
2023-11-16 21:30:00,NYSE:CVX,143.02,143.51,140.74,141.77,14031345.0
2023-11-17 21:30:00,NYSE:CVX,142.95,145.185,142.4,144.46,11077904.0
2023-11-20 21:30:00,NYSE:CVX,144.63,145.69,144.27,144.38,8064012.0
2023-11-21 21:30:00,NYSE:CVX,143.83,144.3,142.7,144.04,6783311.0
2023-11-22 21:30:00,NYSE:CVX,141.74,144.39,140.72,144.33,7217065.0
2023-11-24 21:30:00,NYSE:CVX,144.3,145.94,144.2,144.9,3861030.0
2023-11-27 21:30:00,NYSE:CVX,144.65,144.82,142.85,144.36,9850831.0
2023-11-28 21:30:00,NYSE:CVX,144.78,146.52,144.06,145.51,9746540.0
2023-11-29 21:30:00,NYSE:CVX,146.39,146.49,143.06,143.91,16417135.0
2023-11-30 21:30:00,NYSE:CVX,144.98,146.01,142.03,143.6,16275960.0
2023-12-01 21:30:00,NYSE:CVX,143.49,146.505,142.6,144.81,11906547.0
2023-12-04 21:30:00,NYSE:CVX,144.0,145.7,143.25,144.87,11842828.0
2023-12-05 21:30:00,NYSE:CVX,144.76,145.07,142.63,142.86,9597632.0
2023-12-06 21:30:00,NYSE:CVX,141.9,144.03,141.35,142.53,18079684.0
2023-12-07 21:30:00,NYSE:CVX,143.51,144.01,140.99,142.42,14786736.0
2023-12-08 21:30:00,NYSE:CVX,143.51,144.67,143.12,144.31,10821744.0
2023-12-11 21:30:00,NYSE:CVX,144.84,145.4,143.82,144.35,9849572.0
2023-12-12 21:30:00,NYSE:CVX,143.17,143.59,141.75,142.5,9863867.0
2023-12-13 21:30:00,NYSE:CVX,142.17,144.68,141.65,144.61,10641316.0
2023-12-14 21:30:00,NYSE:CVX,145.85,149.93,145.85,149.93,14960477.0
2023-12-15 21:30:00,NYSE:CVX,147.32,149.82,147.32,149.35,30850872.0
2023-12-18 21:30:00,NYSE:CVX,150.83,152.12,149.32,149.68,11561718.0
2023-12-19 21:30:00,NYSE:CVX,149.96,151.83,149.49,151.64,8738146.0
2023-12-20 21:30:00,NYSE:CVX,152.15,153.06,150.06,150.25,9369987.0
2023-12-21 21:30:00,NYSE:CVX,150.78,150.8,149.22,150.71,7264662.0
2023-12-22 21:30:00,NYSE:CVX,151.74,152.39,150.75,151.05,6396080.0
2023-12-26 21:30:00,NYSE:CVX,152.07,153.01,151.9,152.41,5165588.0
2023-12-27 21:30:00,NYSE:CVX,152.27,152.97,151.34,151.91,5337244.0
2023-12-28 21:30:00,NYSE:CVX,151.18,152.02,149.4,149.77,8147993.0
2023-12-29 21:30:00,NYSE:CVX,150.03,150.23,148.67,149.16,7658638.0
2024-01-02 21:30:00,NYSE:CVX,149.985,151.475,149.24,149.48,8879710.0
2024-01-03 21:30:00,NYSE:CVX,149.39,153.19,148.68,152.33,10255276.0
2024-01-04 21:30:00,NYSE:CVX,153.66,154.35,150.59,150.66,8220280.0
2024-01-05 21:30:00,NYSE:CVX,151.98,152.03,149.83,150.4,7455430.0
2024-01-08 21:30:00,NYSE:CVX,148.42,149.695,146.58,149.5,10038193.0
2024-01-09 21:30:00,NYSE:CVX,149.95,149.95,145.59,145.7,11784672.0
2024-01-10 21:30:00,NYSE:CVX,146.02,146.02,144.11,144.5,8490407.0
2024-01-11 21:30:00,NYSE:CVX,145.56,146.17,144.62,145.28,8612493.0
2024-01-12 21:30:00,NYSE:CVX,147.83,148.5,146.17,147.27,9386923.0
2024-01-16 21:30:00,NYSE:CVX,146.515,146.58,143.58,143.69,9380352.0
2024-01-17 21:30:00,NYSE:CVX,142.42,144.02,142.04,143.12,8167002.0
2024-01-18 21:30:00,NYSE:CVX,143.0,143.19,139.62,141.82,11187839.0
2024-01-19 21:30:00,NYSE:CVX,141.73,142.25,141.01,142.24,11192463.0
2024-01-22 21:30:00,NYSE:CVX,141.91,142.66,140.92,142.49,9184626.0
2024-01-23 21:30:00,NYSE:CVX,141.985,143.33,141.9,142.09,6767179.0
2024-01-24 21:30:00,NYSE:CVX,142.7,144.98,142.221,144.92,8100014.0
2024-01-25 21:30:00,NYSE:CVX,146.22,148.69,145.225,148.57,9773620.0
2024-01-26 21:30:00,NYSE:CVX,148.03,149.26,146.98,149.14,9151896.0
2024-01-29 21:30:00,NYSE:CVX,149.09,149.22,147.11,149.08,10494818.0
2024-01-30 21:30:00,NYSE:CVX,148.18,150.3056,147.71,150.12,9902881.0
2024-01-31 21:30:00,NYSE:CVX,150.37,150.38,147.34,147.43,10427972.0
2024-02-01 21:30:00,NYSE:CVX,148.19,149.02,146.52,147.89,8138669.0
2024-02-02 21:30:00,NYSE:CVX,150.86,153.38,149.55,152.24,12839063.0
2024-02-05 21:30:00,NYSE:CVX,151.62,153.51,150.7904,152.33,8277776.0
2024-02-06 21:30:00,NYSE:CVX,152.5,153.54,151.81,152.35,6198841.0
2024-02-07 21:30:00,NYSE:CVX,153.02,153.78,151.17,152.13,6252041.0
2024-02-08 21:30:00,NYSE:CVX,151.95,154.3,151.65,154.06,9236968.0
2024-02-09 21:30:00,NYSE:CVX,154.42,155.32,150.98,151.04,9194458.0
2024-02-12 21:30:00,NYSE:CVX,151.62,152.6137,151.39,152.08,6713003.0
2024-02-13 21:30:00,NYSE:CVX,152.62,153.07,149.605,150.6,6987058.0
2024-02-14 21:30:00,NYSE:CVX,151.28,152.2,150.08,151.01,5995064.0
2024-02-15 21:30:00,NYSE:CVX,149.91,155.09,149.67,154.46,8950304.0
2024-02-16 21:30:00,NYSE:CVX,155.37,155.77,154.09,154.63,7570220.0
2024-02-20 21:30:00,NYSE:CVX,155.47,155.61,153.83,154.0,6977945.0
2024-02-21 21:30:00,NYSE:CVX,154.57,155.565,154.1,155.44,6630084.0
2024-02-22 21:30:00,NYSE:CVX,154.82,156.625,153.83,155.43,8874924.0
2024-02-23 21:30:00,NYSE:CVX,154.87,154.92,153.25,154.66,6561628.0
2024-02-26 21:30:00,NYSE:CVX,154.54,155.55,153.83,154.45,6900801.0
2024-02-27 21:30:00,NYSE:CVX,153.2,153.88,149.9,152.16,15093755.0
2024-02-28 21:30:00,NYSE:CVX,152.358,153.86,151.78,152.34,6715861.0
2024-02-29 21:30:00,NYSE:CVX,152.91,153.24,151.48,152.01,9334432.0
2024-03-01 21:30:00,NYSE:CVX,153.05,154.3499,152.25,152.81,7459056.0
2024-03-04 21:30:00,NYSE:CVX,152.5,152.59,147.67,148.88,12503154.0
2024-03-05 21:30:00,NYSE:CVX,148.83,150.62,148.3,149.59,6985516.0
2024-03-06 21:30:00,NYSE:CVX,150.83,152.41,148.14,148.33,14692135.0
2024-03-07 21:30:00,NYSE:CVX,148.5,150.7495,148.45,149.37,8739348.0
2024-03-08 21:30:00,NYSE:CVX,149.37,149.99,148.39,149.88,7528378.0
2024-03-11 20:30:00,NYSE:CVX,150.5,152.08,149.59,152.0,7577064.0
2024-03-12 20:30:00,NYSE:CVX,151.83,152.57,150.79,151.89,6432930.0
2024-03-13 20:30:00,NYSE:CVX,153.24,154.88,153.15,153.89,8065649.0
2024-03-14 20:30:00,NYSE:CVX,153.77,155.73,152.76,155.7,9047206.0
2024-03-15 20:30:00,NYSE:CVX,155.19,157.04,154.42,155.55,20387157.0
2024-03-18 20:30:00,NYSE:CVX,156.03,156.67,154.944,155.41,7242711.0
2024-03-19 20:30:00,NYSE:CVX,155.3,156.84,155.01,156.62,7736723.0
2024-03-20 20:30:00,NYSE:CVX,155.76,156.43,154.23,154.55,8449145.0
2024-03-21 20:30:00,NYSE:CVX,154.95,155.69,154.41,154.86,7899084.0
2024-03-22 20:30:00,NYSE:CVX,155.08,155.28,154.16,154.66,5974745.0
2024-03-25 20:30:00,NYSE:CVX,155.48,157.31,155.27,156.47,6058745.0
2024-03-26 20:30:00,NYSE:CVX,156.52,156.86,154.65,155.27,6677938.0
2024-03-27 20:30:00,NYSE:CVX,154.87,156.44,154.85,156.35,7416870.0
2024-03-28 20:30:00,NYSE:CVX,157.15,158.19,156.37,157.74,8331627.0
2024-04-01 20:30:00,NYSE:CVX,158.27,159.5899,156.94,159.08,6285717.0
2024-04-02 20:30:00,NYSE:CVX,160.05,161.22,159.02,159.78,8815351.0
2024-04-03 20:30:00,NYSE:CVX,160.1,160.95,159.72,160.44,7819734.0
2024-04-04 20:30:00,NYSE:CVX,160.8,161.95,159.82,160.69,9269716.0
2024-04-05 20:30:00,NYSE:CVX,161.33,162.17,159.86,161.6,7432807.0
2024-04-08 20:30:00,NYSE:CVX,161.65,162.501,160.33,161.27,7253196.0
2024-04-09 20:30:00,NYSE:CVX,161.85,162.5316,160.46,162.0,6577437.0
2024-04-10 20:30:00,NYSE:CVX,162.21,162.77,161.01,162.67,7525837.0
2024-04-11 20:30:00,NYSE:CVX,163.62,163.62,159.8,161.89,7682512.0
2024-04-12 20:30:00,NYSE:CVX,162.29,163.87,158.045,158.96,11071045.0
2024-04-15 20:30:00,NYSE:CVX,159.94,160.4899,157.36,157.59,7236857.0
2024-04-16 20:30:00,NYSE:CVX,157.3,157.81,155.42,156.28,5541895.0
2024-04-17 20:30:00,NYSE:CVX,155.99,157.7099,155.64,156.4,6733879.0
2024-04-18 20:30:00,NYSE:CVX,157.14,158.04,156.39,157.57,4979193.0
2024-04-19 20:30:00,NYSE:CVX,158.75,160.75,158.1495,160.0,7734654.0
2024-04-22 20:30:00,NYSE:CVX,159.95,162.7,158.4403,161.92,6779221.0
2024-04-23 20:30:00,NYSE:CVX,161.31,162.85,160.6,162.85,5597617.0
2024-04-24 20:30:00,NYSE:CVX,161.88,163.84,161.446,163.57,7610335.0
2024-04-25 20:30:00,NYSE:CVX,163.7,165.6,162.67,165.28,9702581.0
2024-04-26 20:30:00,NYSE:CVX,165.23,166.98,163.3,165.89,9736350.0
2024-04-29 20:30:00,NYSE:CVX,165.91,167.11,164.69,166.33,6366752.0
2024-04-30 20:30:00,NYSE:CVX,165.97,166.12,160.95,161.27,8457341.0
2024-05-01 20:30:00,NYSE:CVX,160.78,161.45,158.9,159.63,7714962.0
2024-05-02 20:30:00,NYSE:CVX,160.41,161.775,159.89,160.73,8597124.0
2024-05-03 20:30:00,NYSE:CVX,160.66,160.66,157.04,160.25,11664505.0
2024-05-06 20:30:00,NYSE:CVX,160.73,164.02,160.73,162.3,8430277.0
2024-05-07 20:30:00,NYSE:CVX,162.31,163.15,162.02,162.67,6869948.0
2024-05-08 20:30:00,NYSE:CVX,161.95,163.08,161.5367,162.54,6706361.0
2024-05-09 20:30:00,NYSE:CVX,163.02,165.51,162.73,165.45,6683313.0
2024-05-10 20:30:00,NYSE:CVX,166.04,166.42,165.0153,165.82,5490944.0
2024-05-13 20:30:00,NYSE:CVX,166.48,166.91,162.98,164.53,6848303.0
2024-05-14 20:30:00,NYSE:CVX,164.34,165.2,163.02,163.61,4923968.0
2024-05-15 20:30:00,NYSE:CVX,163.13,163.8,160.17,163.05,7603063.0
2024-05-16 20:30:00,NYSE:CVX,161.53,162.0,160.48,161.09,6409418.0
2024-05-17 20:30:00,NYSE:CVX,161.75,162.9679,161.19,162.67,5497919.0
2024-05-20 20:30:00,NYSE:CVX,162.72,163.0,161.075,161.14,4913820.0
2024-05-21 20:30:00,NYSE:CVX,160.58,161.46,159.74,159.97,4783287.0
2024-05-22 20:30:00,NYSE:CVX,159.52,159.52,156.52,157.57,6260509.0
2024-05-23 20:30:00,NYSE:CVX,157.92,158.6,156.33,156.94,6718378.0
2024-05-24 20:30:00,NYSE:CVX,158.08,158.97,157.3,157.75,4477720.0
2024-05-28 20:30:00,NYSE:CVX,158.12,159.42,157.95,159.04,6928298.0
2024-05-29 20:30:00,NYSE:CVX,158.02,158.49,156.44,156.9,5909632.0
2024-05-30 20:30:00,NYSE:CVX,156.85,158.455,156.81,158.26,6371243.0
2024-05-31 20:30:00,NYSE:CVX,158.63,162.58,158.51,162.3,10334227.0
2024-06-03 20:30:00,NYSE:CVX,161.49,161.68,156.46,157.46,9009935.0
2024-06-04 20:30:00,NYSE:CVX,155.72,156.35,154.11,156.13,6360542.0
2024-06-05 20:30:00,NYSE:CVX,156.16,157.02,154.53,154.98,7058506.0
2024-06-06 20:30:00,NYSE:CVX,154.5,156.02,153.39,155.93,5215140.0
2024-06-07 20:30:00,NYSE:CVX,155.71,157.69,155.13,156.08,5887651.0
2024-06-10 20:30:00,NYSE:CVX,156.41,158.2,156.32,156.74,7075943.0
2024-06-11 20:30:00,NYSE:CVX,156.17,156.75,154.48,156.49,5132009.0
2024-06-12 20:30:00,NYSE:CVX,157.49,157.625,152.4,154.22,10017421.0
2024-06-13 20:30:00,NYSE:CVX,153.77,154.09,152.23,152.84,6163015.0
2024-06-14 20:30:00,NYSE:CVX,153.13,153.295,151.97,152.57,6159138.0
2024-06-17 20:30:00,NYSE:CVX,152.5,153.93,151.93,153.19,6321805.0
2024-06-18 20:30:00,NYSE:CVX,153.55,155.95,152.84,153.33,6942882.0
2024-06-20 20:30:00,NYSE:CVX,153.71,157.41,153.25,156.64,8336031.0
2024-06-21 20:30:00,NYSE:CVX,156.8,157.665,155.22,155.28,21292090.0
2024-06-24 20:30:00,NYSE:CVX,156.27,159.54,156.19,159.31,7971620.0
2024-06-25 20:30:00,NYSE:CVX,159.12,159.36,157.67,158.46,6056711.0
2024-06-26 20:30:00,NYSE:CVX,158.46,158.46,155.79,155.95,8637756.0
2024-06-27 20:30:00,NYSE:CVX,156.7,156.94,155.635,156.32,5568733.0
2024-06-28 20:30:00,NYSE:CVX,157.52,158.58,156.17,156.42,11283390.0
2024-07-01 20:30:00,NYSE:CVX,157.16,158.7,155.98,156.52,5584116.0
2024-07-02 20:30:00,NYSE:CVX,157.68,157.72,155.45,156.75,7216801.0
2024-07-03 20:30:00,NYSE:CVX,156.94,157.74,156.5641,156.71,3264196.0
2024-07-05 20:30:00,NYSE:CVX,156.55,156.55,153.68,154.31,6183056.0
2024-07-08 20:30:00,NYSE:CVX,153.32,155.28,153.32,154.33,4990726.0
2024-07-09 20:30:00,NYSE:CVX,153.0,154.76,152.3481,152.98,5303129.0
2024-07-10 20:30:00,NYSE:CVX,152.5,155.44,152.3,155.13,5416594.0
2024-07-11 20:30:00,NYSE:CVX,155.0,156.68,154.22,155.26,8323125.0
2024-07-12 20:30:00,NYSE:CVX,156.16,156.44,154.56,155.59,6446316.0
2024-07-15 20:30:00,NYSE:CVX,156.95,159.52,156.3705,158.04,5661170.0
2024-07-16 20:30:00,NYSE:CVX,157.01,158.31,156.15,157.77,6924187.0
2024-07-17 20:30:00,NYSE:CVX,158.5,161.48,158.29,161.23,7296622.0
2024-07-18 20:30:00,NYSE:CVX,161.23,164.28,160.24,161.97,6577674.0
2024-07-19 20:30:00,NYSE:CVX,162.48,162.7,158.41,159.15,6427723.0
2024-07-22 20:30:00,NYSE:CVX,158.22,158.98,156.855,156.99,5577286.0
2024-07-23 20:30:00,NYSE:CVX,156.35,156.5969,153.84,154.09,6238721.0
2024-07-24 20:30:00,NYSE:CVX,154.69,155.7,153.42,155.07,5971731.0
2024-07-25 20:30:00,NYSE:CVX,155.37,158.26,154.62,157.54,5432141.0
2024-07-26 20:30:00,NYSE:CVX,157.73,159.04,157.06,157.84,5232519.0
2024-07-29 20:30:00,NYSE:CVX,158.25,158.25,154.86,156.6,5071988.0
2024-07-30 20:30:00,NYSE:CVX,156.46,160.09,156.435,159.57,5740861.0
2024-07-31 20:30:00,NYSE:CVX,161.69,161.69,160.05,160.47,6209200.0
2024-08-01 20:30:00,NYSE:CVX,158.71,159.5,152.03,152.62,16689945.0
2024-08-02 20:30:00,NYSE:CVX,151.13,152.04,147.02,148.55,13278618.0
2024-08-05 20:30:00,NYSE:CVX,145.52,145.77,143.41,144.66,13037190.0
2024-08-06 20:30:00,NYSE:CVX,144.49,145.09,143.12,143.23,9692659.0
2024-08-07 20:30:00,NYSE:CVX,144.58,145.725,142.28,142.41,8867862.0
2024-08-08 20:30:00,NYSE:CVX,143.075,144.82,142.71,144.49,7531112.0
2024-08-09 20:30:00,NYSE:CVX,144.21,146.11,143.19,144.99,7653053.0
2024-08-12 20:30:00,NYSE:CVX,145.84,146.7381,139.69,145.02,8442174.0
2024-08-13 20:30:00,NYSE:CVX,144.08,144.55,143.05,144.15,7794816.0
2024-08-14 20:30:00,NYSE:CVX,144.39,145.24,143.43,144.67,5874216.0
2024-08-15 20:30:00,NYSE:CVX,145.59,147.52,145.48,146.8,6304232.0
2024-08-16 20:30:00,NYSE:CVX,146.05,147.62,145.64,147.27,6874416.0
2024-08-19 20:30:00,NYSE:CVX,146.01,147.73,145.89,146.83,5967406.0
2024-08-20 20:30:00,NYSE:CVX,146.33,146.51,144.56,144.69,7497606.0
2024-08-21 20:30:00,NYSE:CVX,145.43,146.64,144.55,145.32,5984993.0
2024-08-22 20:30:00,NYSE:CVX,145.35,146.3343,145.13,145.73,4026998.0
2024-08-23 20:30:00,NYSE:CVX,146.525,148.0937,146.3152,147.62,4824078.0
2024-08-26 20:30:00,NYSE:CVX,148.97,150.09,147.55,148.5,5780289.0
2024-08-27 20:30:00,NYSE:CVX,148.67,149.55,146.74,146.95,5099956.0
2024-08-28 20:30:00,NYSE:CVX,146.44,147.14,145.48,146.0,5614416.0
2024-08-29 20:30:00,NYSE:CVX,146.46,148.18,145.44,147.42,4466696.0
2024-08-30 20:30:00,NYSE:CVX,146.22,148.08,145.7,147.95,6414755.0
2024-09-03 20:30:00,NYSE:CVX,145.55,145.77,144.28,144.66,7944740.0
2024-09-04 20:30:00,NYSE:CVX,144.64,145.5271,141.67,142.07,9820730.0
2024-09-05 20:30:00,NYSE:CVX,143.17,143.17,140.6,140.93,9371051.0
2024-09-06 20:30:00,NYSE:CVX,141.065,142.11,137.87,138.56,7836358.0
2024-09-09 20:30:00,NYSE:CVX,138.635,142.02,138.54,140.3,9892347.0
2024-09-10 20:30:00,NYSE:CVX,140.895,141.08,137.09,138.23,8202480.0
2024-09-11 20:30:00,NYSE:CVX,138.21,138.4801,135.3672,137.88,9534010.0
2024-09-12 20:30:00,NYSE:CVX,138.23,139.47,137.42,139.21,6593436.0
2024-09-13 20:30:00,NYSE:CVX,139.87,141.53,139.7124,140.61,5900747.0
2024-09-16 20:30:00,NYSE:CVX,141.69,143.165,141.065,142.09,6864275.0
2024-09-17 20:30:00,NYSE:CVX,141.8,144.14,141.74,143.41,7338782.0
2024-09-18 20:30:00,NYSE:CVX,143.32,145.6,143.19,143.96,6180252.0
2024-09-19 20:30:00,NYSE:CVX,145.81,146.78,144.93,144.99,7247416.0
2024-09-20 20:30:00,NYSE:CVX,145.23,145.91,143.44,145.68,23162864.0
2024-09-23 20:30:00,NYSE:CVX,146.25,148.415,145.95,147.54,6960639.0
2024-09-24 20:30:00,NYSE:CVX,148.88,149.1,146.91,147.45,6014208.0
2024-09-25 20:30:00,NYSE:CVX,146.945,147.41,143.5,143.97,7888444.0
2024-09-26 20:30:00,NYSE:CVX,140.9,143.22,140.63,141.99,8046171.0
2024-09-27 20:30:00,NYSE:CVX,142.98,145.77,142.84,145.49,8049155.0
2024-09-30 20:30:00,NYSE:CVX,145.37,147.48,144.28,147.27,7494608.0
2024-10-01 20:30:00,NYSE:CVX,146.35,150.52,145.45,149.7,9489121.0
2024-10-02 20:30:00,NYSE:CVX,151.68,152.28,149.26,150.95,8105420.0
2024-10-03 20:30:00,NYSE:CVX,151.31,152.17,150.02,151.25,6553282.0
2024-10-04 20:30:00,NYSE:CVX,152.48,152.5,150.135,150.74,7895285.0
2024-10-07 20:30:00,NYSE:CVX,151.5,152.75,150.69,151.12,5895852.0
2024-10-08 20:30:00,NYSE:CVX,149.2,149.6,147.73,148.75,5892739.0
2024-10-09 20:30:00,NYSE:CVX,147.51,150.37,147.36,149.65,4973453.0
2024-10-10 20:30:00,NYSE:CVX,150.68,151.55,149.85,150.62,4420891.0
2024-10-11 20:30:00,NYSE:CVX,150.38,152.33,150.25,151.42,5051314.0
2024-10-14 20:30:00,NYSE:CVX,150.52,151.9,150.18,151.78,4214721.0
2024-10-15 20:30:00,NYSE:CVX,148.8,149.955,147.56,147.73,6704610.0
2024-10-16 20:30:00,NYSE:CVX,148.35,149.0312,148.21,148.73,4303737.0
2024-10-17 20:30:00,NYSE:CVX,149.26,151.33,148.97,151.2,6593136.0
2024-10-18 20:30:00,NYSE:CVX,150.815,151.08,149.375,150.75,5208202.0
2024-10-21 20:30:00,NYSE:CVX,152.0,152.48,150.49,150.88,5073999.0
2024-10-22 20:30:00,NYSE:CVX,151.25,151.68,150.22,150.92,4416409.0
2024-10-23 20:30:00,NYSE:CVX,150.36,151.0,149.2909,150.48,5248853.0
2024-10-24 20:30:00,NYSE:CVX,151.13,151.45,149.38,150.45,5474258.0
2024-10-25 20:30:00,NYSE:CVX,151.39,152.12,150.46,150.81,6839894.0
2024-10-28 20:30:00,NYSE:CVX,148.25,150.7,148.16,150.54,8892039.0
2024-10-29 20:30:00,NYSE:CVX,150.04,150.415,147.87,148.52,6014676.0
2024-10-30 20:30:00,NYSE:CVX,149.08,149.65,147.66,148.05,5784011.0
2024-10-31 20:30:00,NYSE:CVX,148.755,149.57,147.89,148.82,8400855.0
2024-11-01 20:30:00,NYSE:CVX,152.48,155.9303,151.7,153.07,11727977.0
2024-11-04 21:30:00,NYSE:CVX,154.42,154.42,152.6199,153.97,6129961.0
2024-11-05 21:30:00,NYSE:CVX,154.53,154.67,152.55,153.41,5978897.0
2024-11-06 21:30:00,NYSE:CVX,157.1,158.61,156.12,157.72,12118908.0
2024-11-07 21:30:00,NYSE:CVX,157.94,158.01,156.4,156.77,8143245.0
2024-11-08 21:30:00,NYSE:CVX,156.6,157.58,155.67,156.93,6041457.0
2024-11-11 21:30:00,NYSE:CVX,157.14,157.94,155.9,156.5,7771691.0
2024-11-12 21:30:00,NYSE:CVX,157.3,157.47,155.12,155.29,5681869.0
2024-11-13 21:30:00,NYSE:CVX,156.07,159.02,154.53,158.72,8824013.0
2024-11-14 21:30:00,NYSE:CVX,159.84,161.83,159.68,161.8,10111234.0
2024-11-15 21:30:00,NYSE:CVX,161.52,162.38,160.76,161.42,9022753.0
2024-11-18 21:30:00,NYSE:CVX,160.56,161.52,159.07,160.76,6092141.0
2024-11-19 21:30:00,NYSE:CVX,159.98,160.4272,158.751,159.6,4657409.0
2024-11-20 21:30:00,NYSE:CVX,159.91,161.44,159.78,161.33,6391252.0
2024-11-21 21:30:00,NYSE:CVX,162.02,162.65,161.29,161.63,7945531.0
2024-11-22 21:30:00,NYSE:CVX,161.51,162.61,161.15,162.36,7006293.0
2024-11-25 21:30:00,NYSE:CVX,162.15,163.17,159.83,160.36,10702395.0
2024-11-26 21:30:00,NYSE:CVX,162.31,162.94,161.4,162.53,7369944.0
2024-11-27 21:30:00,NYSE:CVX,162.76,164.68,161.61,162.11,7674474.0
2024-11-29 21:30:00,NYSE:CVX,162.25,162.7499,160.66,161.93,5076953.0
2024-12-02 21:30:00,NYSE:CVX,162.29,162.95,160.11,162.21,6229596.0
2024-12-03 21:30:00,NYSE:CVX,162.98,163.197,161.39,161.92,5900066.0
2024-12-04 21:30:00,NYSE:CVX,161.83,161.84,157.86,158.32,7862728.0
2024-12-05 21:30:00,NYSE:CVX,159.29,160.67,158.69,159.33,6358358.0
2024-12-06 21:30:00,NYSE:CVX,158.75,158.83,155.17,155.24,9701694.0
2024-12-09 21:30:00,NYSE:CVX,157.0,160.08,156.82,157.08,9404473.0
2024-12-10 21:30:00,NYSE:CVX,159.06,159.52,156.7,157.0,9126158.0
2024-12-11 21:30:00,NYSE:CVX,156.86,157.17,155.8,156.21,13764742.0
2024-12-12 21:30:00,NYSE:CVX,155.87,156.525,154.2653,154.71,7621522.0
2024-12-13 21:30:00,NYSE:CVX,154.87,154.961,153.07,153.87,5816180.0
2024-12-16 21:30:00,NYSE:CVX,153.89,153.89,149.25,149.36,11961219.0
2024-12-17 21:30:00,NYSE:CVX,148.0,148.65,146.91,148.11,11909333.0
2024-12-18 21:30:00,NYSE:CVX,147.76,148.67,143.98,144.08,10174494.0
2024-12-19 21:30:00,NYSE:CVX,144.57,144.76,140.95,141.15,16544329.0
2024-12-20 21:30:00,NYSE:CVX,140.825,142.85,140.55,142.85,32209195.0
2024-12-23 21:30:00,NYSE:CVX,142.48,143.345,141.54,142.97,8156466.0
2024-12-24 21:30:00,NYSE:CVX,143.1,144.045,142.26,143.84,3556081.0
2024-12-26 21:30:00,NYSE:CVX,143.67,144.31,142.9,143.98,4494424.0
2024-12-27 21:30:00,NYSE:CVX,144.29,145.71,143.39,144.0,5296875.0
2024-12-30 21:30:00,NYSE:CVX,143.79,143.98,142.35,143.07,6194835.0
2024-12-31 21:30:00,NYSE:CVX,143.52,145.34,143.32,144.84,6137843.0
2025-01-02 21:30:00,NYSE:CVX,145.475,148.07,145.475,146.71,7170257.0
2025-01-03 21:30:00,NYSE:CVX,147.54,148.5,147.3,147.85,5813935.0
2025-01-06 21:30:00,NYSE:CVX,148.4,150.33,146.87,147.26,5888731.0
2025-01-07 21:30:00,NYSE:CVX,148.505,150.4999,147.63,149.59,7735997.0
2025-01-08 21:30:00,NYSE:CVX,148.04,151.18,148.03,150.3,7640885.0
2025-01-10 21:30:00,NYSE:CVX,153.41,154.34,150.87,153.14,11074716.0
2025-01-13 21:30:00,NYSE:CVX,154.1,157.35,154.0,155.35,11774073.0
2025-01-14 21:30:00,NYSE:CVX,155.205,156.91,154.46,156.9,6830219.0
2025-01-15 21:30:00,NYSE:CVX,156.875,158.69,156.38,158.33,7899997.0
2025-01-16 21:30:00,NYSE:CVX,158.03,159.895,158.03,159.38,5578902.0
2025-01-17 21:30:00,NYSE:CVX,159.13,161.77,158.7978,161.47,9260428.0
2025-01-21 21:30:00,NYSE:CVX,161.15,161.4,157.49,158.24,10131372.0
2025-01-22 21:30:00,NYSE:CVX,157.68,158.44,156.27,156.41,7232227.0
2025-01-23 21:30:00,NYSE:CVX,157.63,157.94,155.62,156.01,5979808.0
2025-01-24 21:30:00,NYSE:CVX,156.46,157.47,155.2701,155.65,8003778.0
2025-01-27 21:30:00,NYSE:CVX,156.33,157.8899,155.52,157.23,7140991.0
2025-01-28 21:30:00,NYSE:CVX,157.71,158.92,155.1838,156.21,6425353.0
2025-01-29 21:30:00,NYSE:CVX,155.715,156.58,154.81,155.69,5630563.0
2025-01-30 21:30:00,NYSE:CVX,156.56,157.45,155.52,156.32,6931918.0
2025-01-31 21:30:00,NYSE:CVX,153.76,154.37,148.65,149.19,16731592.0
2025-02-03 21:30:00,NYSE:CVX,149.0,150.86,147.8,149.34,7604961.0
2025-02-04 21:30:00,NYSE:CVX,148.72,153.385,148.72,153.22,8458070.0
2025-02-05 21:30:00,NYSE:CVX,152.99,153.8,152.29,152.99,6533680.0
2025-02-06 21:30:00,NYSE:CVX,154.22,155.255,151.06,151.9,6420525.0
2025-02-07 21:30:00,NYSE:CVX,152.48,153.81,151.9243,152.62,4724947.0
2025-02-10 21:30:00,NYSE:CVX,154.29,155.8,154.06,155.77,5653770.0
2025-02-11 21:30:00,NYSE:CVX,156.35,158.71,156.12,157.44,6011842.0
2025-02-12 21:30:00,NYSE:CVX,156.75,157.465,154.5716,154.9,6693461.0
2025-02-13 21:30:00,NYSE:CVX,154.78,156.42,153.32,155.88,7836362.0
2025-02-14 21:30:00,NYSE:CVX,155.08,157.45,154.88,155.34,5828805.0
2025-02-18 21:30:00,NYSE:CVX,155.34,157.31,154.78,156.16,5981480.0
2025-02-19 21:30:00,NYSE:CVX,156.52,158.36,156.0,157.23,4945813.0
2025-02-20 21:30:00,NYSE:CVX,157.5,158.95,157.07,158.79,6256154.0
2025-02-21 21:30:00,NYSE:CVX,158.13,158.95,156.82,156.92,6689815.0
2025-02-24 21:30:00,NYSE:CVX,157.085,158.33,156.75,157.89,5925047.0
2025-02-25 21:30:00,NYSE:CVX,157.99,158.99,155.46,156.42,6811293.0
2025-02-26 21:30:00,NYSE:CVX,156.62,156.69,154.4,155.14,6005232.0
2025-02-27 21:30:00,NYSE:CVX,155.69,158.29,154.81,156.67,7517237.0
2025-02-28 21:30:00,NYSE:CVX,156.695,158.67,154.92,158.62,8828547.0
2025-03-03 21:30:00,NYSE:CVX,159.46,160.09,151.76,153.09,9059814.0
2025-03-04 21:30:00,NYSE:CVX,151.205,154.1525,150.05,152.0,8826344.0
2025-03-05 21:30:00,NYSE:CVX,150.15,151.365,147.74,150.81,9288538.0
2025-03-06 21:30:00,NYSE:CVX,150.51,153.33,149.47,152.95,7314687.0
2025-03-07 21:30:00,NYSE:CVX,153.95,157.45,153.71,156.34,8562635.0
2025-03-10 20:30:00,NYSE:CVX,157.19,160.37,156.17,157.57,11750302.0
2025-03-11 20:30:00,NYSE:CVX,158.43,158.84,153.79,154.08,10466294.0
2025-03-12 20:30:00,NYSE:CVX,153.64,154.79,152.215,152.67,9710223.0
2025-03-13 20:30:00,NYSE:CVX,152.265,154.43,151.92,153.61,9022758.0
